instruction,selected_layer,instr_dir,avg_proj,avg_proj_no_instr,task_matrix
punctuation:no_comma,5,"[ 0.00016163  0.01393834  0.03245142 ... -0.01853079  0.008586
 -0.0300383 ]",tensor(-3.1193),tensor(-11.4243),"[[ 0.096449   -0.0013678   0.01196383 ... -0.00830918 -0.01926415
  -0.00662841]
 [-0.00988343  0.09812065 -0.00038935 ... -0.00840555  0.00510205
  -0.01106832]
 [ 0.00703378 -0.00357334  0.11617683 ...  0.00875999 -0.01669735
  -0.00905933]
 ...
 [-0.00818179 -0.00853389  0.00144358 ...  0.0772777  -0.0146255
   0.00806092]
 [ 0.00752717  0.00356878 -0.01877848 ... -0.00195363  0.16719624
   0.00040015]
 [ 0.00703873  0.00131863  0.01067991 ... -0.0054137   0.00846572
   0.11518239]]"
change_case:english_lowercase,7,"[-0.00876743  0.02181968 -0.00655397 ... -0.01091079  0.01521223
 -0.0101668 ]",tensor(-40.8512),tensor(-52.7121),"[[ 0.14880235  0.01224461 -0.00149187 ...  0.0247859  -0.00763101
   0.01084403]
 [-0.00670816  0.13332354 -0.00981294 ... -0.01075093 -0.00618868
   0.00167568]
 [ 0.00352969 -0.00474575  0.17439985 ... -0.00270739  0.018348
   0.00107473]
 ...
 [ 0.01143334  0.00222196 -0.00030477 ...  0.12226594  0.00655351
  -0.01109683]
 [-0.01424253  0.00140973  0.01436235 ... -0.00828814  0.21782441
   0.01341649]
 [ 0.0070186   0.00865059  0.00400755 ... -0.00658368  0.01358076
   0.14729062]]"
detectable_format:number_bullet_lists,20,"[ 0.00078432  0.0120757  -0.00871208 ... -0.02442978 -0.0009582
 -0.00485155]",tensor(-7.9164),tensor(-70.7234),"[[ 0.13112761 -0.00768795  0.02001004 ...  0.00285845 -0.00139709
   0.01945889]
 [ 0.00496357  0.11712961 -0.01983803 ... -0.01899634  0.01493898
   0.01430465]
 [-0.00380892 -0.00360067  0.13892728 ...  0.0002257   0.0074804
   0.00688733]
 ...
 [ 0.00786041 -0.0028581   0.00269186 ...  0.13947688 -0.00701106
  -0.00147109]
 [ 0.00151581  0.01337866 -0.01376969 ...  0.01374989  0.11841448
  -0.00417834]
 [ 0.00372248  0.01398217  0.00351828 ...  0.00951053 -0.01262155
   0.13145545]]"
detectable_format:json_format,13,"[-0.00499255 -0.01983803 -0.00952728 ... -0.04463262 -0.01074434
  0.03350728]",tensor(-14.2875),tensor(-81.3167),"[[ 0.05205699  0.02270676 -0.02033933 ...  0.00165535 -0.00901474
   0.00130042]
 [-0.00901139  0.08919162  0.0085538  ... -0.01321266 -0.01082085
   0.00116276]
 [-0.00330926  0.02478319  0.07424774 ...  0.00944262  0.00424222
  -0.00825838]
 ...
 [-0.02192545  0.02302842 -0.00815287 ...  0.07816976 -0.00134525
   0.00025221]
 [-0.00851512 -0.00752079 -0.00599649 ... -0.00327568  0.1090351
   0.00013945]
 [ 0.01455788 -0.01283134 -0.00818108 ... -0.00866184  0.00120124
   0.0768121 ]]"
startend:end_checker,5,"[-0.01751603  0.01439977  0.00964523 ... -0.01561838  0.01966818
 -0.03600876]",tensor(-1.6766),tensor(-11.7707),"[[ 0.09312038  0.00252067 -0.01380048 ...  0.00790192 -0.00450015
  -0.00725255]
 [-0.00773273  0.06600296 -0.00854652 ...  0.01247408  0.00992977
   0.00872013]
 [-0.00909894 -0.00926511  0.09566317 ...  0.01307675 -0.02353274
   0.00999189]
 ...
 [-0.00277239 -0.03970406 -0.0067838  ...  0.07602371 -0.04120945
  -0.00987931]
 [-0.02078541 -0.01983444  0.00444999 ...  0.00043124  0.1519761
   0.0022451 ]
 [-0.00637074 -0.0078607  -0.01089464 ... -0.00715204 -0.00124996
   0.06978125]]"
detectable_format:multiple_sections,9,"[-0.00233272  0.00993008 -0.00070315 ... -0.01089199  0.03492418
  0.01237004]",tensor(-30.5918),tensor(-57.9073),"[[ 0.13801092  0.0176603   0.00442457 ... -0.02080119 -0.02198368
   0.00971198]
 [ 0.00348593  0.12493785 -0.01038322 ...  0.01157137  0.00622436
  -0.01911684]
 [-0.02541981  0.0098709   0.16696402 ...  0.00325835  0.0026236
   0.00488853]
 ...
 [-0.02159767  0.00680719 -0.00669176 ...  0.10982053  0.0140503
   0.00702   ]
 [ 0.01703727  0.00647247 -0.01511782 ...  0.00019054  0.18383965
  -0.00601019]
 [ 0.01514748 -0.02218685 -0.03052996 ...  0.00145479  0.00190364
   0.1339588 ]]"
language:response_language_pa,20,"[ 0.01995454 -0.00253452  0.00492229 ...  0.00174545  0.00596985
 -0.02767673]",tensor(44.7423),tensor(-116.2698),"[[ 4.5511280e-03 -2.5670941e-03  2.1671585e-03 ... -1.6057800e-04
   1.1056133e-03 -4.9109516e-05]
 [-6.8901340e-04  2.0149373e-03 -1.7604211e-04 ...  8.8665070e-04
   3.1155630e-04  5.9677596e-04]
 [ 1.3890112e-03  2.4349340e-04  4.3358766e-03 ...  7.6564349e-04
   1.5794863e-03 -3.8874079e-04]
 ...
 [-1.9420761e-04  3.9305496e-03  5.9745833e-04 ...  1.9108608e-03
   9.9185982e-04 -2.8125995e-05]
 [ 1.8180835e-03  2.0808466e-03  1.1476050e-03 ...  1.6249376e-03
   3.2286514e-03 -5.0395372e-04]
 [-1.9179941e-04 -2.7422432e-04  1.2720267e-03 ...  9.5664326e-04
   2.7057226e-04  3.9536830e-05]]"
startend:quotation,23,"[-0.00911559 -0.02269731 -0.01196084 ... -0.02745899 -0.03177916
 -0.00558575]",tensor(159.0863),tensor(-118.4656),"[[ 0.09557111 -0.02595101  0.00969512 ... -0.0032902   0.01741345
   0.02463966]
 [-0.02513519  0.08239882  0.00966702 ...  0.00066738  0.01072581
   0.00142301]
 [-0.00206143  0.00597172  0.10217761 ... -0.00879484  0.01572879
   0.00180649]
 ...
 [-0.00553064 -0.00927086 -0.00535236 ...  0.0856731  -0.01059228
   0.00645109]
 [ 0.01031933  0.0086271  -0.00303043 ...  0.00256937  0.10190557
   0.02213867]
 [-0.00831387 -0.0093474   0.01243331 ... -0.00297984  0.01564773
   0.06142284]]"
language:response_language_mr,15,"[ 0.03053373 -0.00580307  0.01405731 ...  0.00186646 -0.03388781
 -0.0216278 ]",tensor(-1.5012),tensor(-98.6387),"[[ 0.00367677 -0.00116384 -0.00157916 ... -0.00220243 -0.00204895
  -0.00077891]
 [-0.00314065  0.00323552 -0.00157353 ...  0.00010607 -0.00081092
   0.00384108]
 [-0.0009188  -0.00108916  0.0070227  ...  0.00227453  0.00206457
  -0.00113931]
 ...
 [-0.00209823 -0.00077359  0.00142915 ...  0.00609203  0.00273394
   0.00227031]
 [ 0.001506   -0.00119022  0.00037514 ...  0.00445069  0.00903021
  -0.00090872]
 [-0.00217577  0.00120271  0.00225096 ...  0.00154213 -0.00137093
   0.00428419]]"
detectable_format:number_highlighted_sections,20,"[ 0.00537482  0.01768227  0.00829699 ... -0.0184847   0.00176402
  0.00480261]",tensor(11.6364),tensor(-28.0847),"[[ 0.1791491  -0.01039781  0.0062813  ... -0.01311786  0.00679677
   0.01007546]
 [-0.01513133  0.13925345 -0.01875758 ... -0.01956106 -0.01023955
   0.01658712]
 [ 0.01496145 -0.0014651   0.17482418 ... -0.02632939  0.02053782
   0.00614742]
 ...
 [-0.00171453 -0.00307162 -0.01887741 ...  0.20225526 -0.01347211
  -0.01317226]
 [ 0.00335869 -0.00457016  0.01106832 ...  0.00289732  0.16295819
  -0.00066833]
 [ 0.0090115   0.00940566  0.01765124 ... -0.00045897  0.00568757
   0.15241094]]"
detectable_format:title,20,"[-0.0414559  -0.01331572  0.00868238 ... -0.03148307 -0.03220144
 -0.03631187]",tensor(145.8246),tensor(-50.1008),"[[ 5.98132573e-02 -2.98510282e-03 -6.66754029e-04 ...  2.49154326e-02
  -3.53960367e-03 -1.59222551e-03]
 [ 1.87710696e-03  3.76744047e-02 -9.27388202e-03 ...  1.85888764e-02
   2.59617297e-03 -3.51342314e-05]
 [ 1.08187450e-02 -3.17059644e-02  4.88172434e-02 ...  9.88723338e-03
   6.98605785e-03  1.04115885e-02]
 ...
 [ 4.21410752e-03 -2.25248188e-02 -3.00712511e-03 ...  6.59748241e-02
  -1.79463103e-02 -2.09919922e-03]
 [-2.18529869e-02  4.01334697e-03  3.20185442e-03 ...  3.56550775e-02
   4.56618592e-02 -8.58776970e-04]
 [ 1.85127165e-02  1.68396533e-03  1.70421146e-03 ...  1.00659756e-02
   8.20748881e-03  4.62898575e-02]]"
language:response_language_fa,20,"[ 2.4019763e-02  6.7755689e-05 -1.3728433e-02 ...  2.1068649e-03
 -1.9096076e-02  2.0567027e-03]",tensor(49.8751),tensor(-89.4557),"[[ 3.57705355e-03 -1.20770023e-03  9.91716399e-04 ... -1.41700184e-05
  -1.78663922e-03 -2.25853710e-03]
 [-1.84641208e-03  2.60702753e-03 -1.33491855e-03 ...  7.19280448e-04
   1.83696277e-03  4.30514367e-04]
 [ 1.64038886e-03 -2.55636289e-03  6.27827179e-03 ...  1.00950827e-03
  -6.06484420e-04 -1.18510521e-04]
 ...
 [ 2.09437613e-03 -3.93972237e-04  1.10699458e-03 ...  3.65177845e-03
  -4.06423969e-05 -1.02804904e-03]
 [ 1.28717767e-03  1.82260480e-03  6.26713620e-04 ... -7.17866642e-04
   5.58796991e-03  1.00991754e-04]
 [-5.23810217e-04  1.11246202e-03  3.88486544e-04 ... -2.71595246e-03
   1.12462428e-03  2.86114728e-03]]"
change_case:english_capital,11,"[-0.01348723  0.01968912 -0.01387727 ... -0.03219219  0.01134036
  0.00427617]",tensor(-9.4008),tensor(-73.2553),"[[ 9.57841650e-02 -1.33494334e-02 -1.15217427e-02 ...  4.63558966e-03
   4.20633005e-03  3.70885059e-03]
 [ 4.38457076e-03  1.03253789e-01  1.74334254e-02 ...  2.10254220e-03
   8.31761584e-03  4.32654284e-03]
 [ 7.06852647e-03  1.49718137e-03  9.34114307e-02 ... -2.09432142e-03
   1.09665580e-02 -8.92728008e-03]
 ...
 [-1.71758479e-03 -1.22401249e-02 -2.01760400e-02 ...  1.13891274e-01
  -1.24959536e-02  2.45868508e-03]
 [ 5.59897744e-05 -6.61783619e-03 -6.30117487e-04 ... -7.56611396e-03
   1.32182077e-01 -4.15962748e-03]
 [-1.15575083e-03  5.42463548e-03 -1.07173237e-03 ...  5.58773568e-03
   1.33685477e-04  8.05190131e-02]]"
change_case:capital_word_frequency,23,"[-0.01518181  0.01621719 -0.00597489 ...  0.00354809 -0.01886034
 -0.01192175]",tensor(-82.7141),tensor(-232.1291),"[[ 1.4742461e-01 -2.5826871e-02  7.3618717e-03 ... -1.2884025e-02
  -5.3847022e-03  2.0678546e-02]
 [-1.4425519e-02  1.4341268e-01 -2.7931076e-02 ... -2.3157864e-03
  -1.1710686e-03 -6.0025742e-03]
 [ 8.2438402e-03 -6.8265446e-03  1.5598947e-01 ... -8.0656027e-03
  -5.9465212e-03 -5.6425994e-03]
 ...
 [ 9.0562709e-05 -5.4487530e-03 -1.1490317e-02 ...  1.4678818e-01
   8.7237572e-03 -7.0873001e-03]
 [ 1.2880346e-02  5.6501953e-03  7.9861293e-03 ... -1.7900780e-02
   1.5957887e-01  5.8099860e-03]
 [ 3.8746055e-03 -1.1143945e-02  1.3345984e-02 ... -4.5156311e-03
  -7.0670592e-03  1.4741988e-01]]"
detectable_format:constrained_response,20,"[-0.00332964 -0.015457   -0.00629667 ... -0.04067963 -0.00997251
 -0.01699233]",tensor(-27.8270),tensor(-97.0265),"[[ 0.11826698  0.03818688  0.012406   ... -0.02649955 -0.02209365
   0.01692804]
 [-0.02554663  0.0996145  -0.05321195 ...  0.01994085 -0.01210639
   0.01549161]
 [ 0.02231686  0.0009976   0.1256269  ...  0.00857867  0.01292356
   0.02854232]
 ...
 [-0.0230715  -0.0095402  -0.05340282 ...  0.18612202  0.0027062
   0.03366154]
 [ 0.00781059 -0.00075813  0.0243776  ... -0.00333801  0.12727474
  -0.00125799]
 [ 0.04864356 -0.01741097 -0.02382834 ...  0.00723895 -0.02293731
   0.11237314]]"
language:response_language_sw,20,"[-0.01966857  0.03725357 -0.02682284 ... -0.00722286 -0.03473004
 -0.0075265 ]",tensor(100.5720),tensor(-117.3105),"[[ 7.3604868e-03 -6.5907498e-04 -1.3097307e-04 ... -2.6604782e-03
   6.1410770e-05  3.7884037e-04]
 [-5.8663543e-04  1.4271603e-03  5.7365245e-04 ... -8.2057333e-05
   7.4992829e-04  3.7808553e-04]
 [ 2.1384328e-03 -3.7942376e-04  1.6207412e-03 ... -7.1325566e-04
  -6.4235792e-04  1.7121778e-04]
 ...
 [-1.9876757e-03 -1.9776091e-05  7.2814402e-04 ...  1.1229209e-03
  -3.9945633e-04 -1.6107883e-04]
 [ 1.4604705e-03 -5.9472554e-04 -3.5574887e-04 ... -1.5774455e-03
   7.7830709e-04 -9.5985184e-04]
 [ 1.1109766e-03 -4.4273867e-04  5.1850011e-04 ... -3.0616831e-04
   7.6850585e-04  4.9942429e-04]]"
language:response_language_ru,20,"[-1.32191535e-02  7.78255146e-03 -5.01161412e-05 ... -2.77939776e-04
 -1.39373457e-02 -2.03497820e-02]",tensor(8.1588),tensor(-173.1246),"[[ 0.00600177  0.00035508 -0.00181725 ...  0.00253679 -0.00168407
   0.00283521]
 [ 0.00148088  0.00478236  0.00048492 ...  0.00083563 -0.00020646
  -0.00063392]
 [ 0.00089704  0.00112196  0.00167871 ...  0.0005822   0.00179544
  -0.00068532]
 ...
 [ 0.00063786  0.00325819  0.00098206 ...  0.00337318 -0.00094146
  -0.00016272]
 [ 0.00097311 -0.00155753 -0.00023185 ...  0.00053652  0.00280312
   0.00261428]
 [-0.00042871  0.00243909  0.00051274 ...  0.00045919  0.00196055
   0.0013738 ]]"
language:response_language_hi,7,"[ 0.00410864  0.02502894 -0.0002371  ... -0.0062006  -0.01263836
 -0.0196825 ]",tensor(-25.1873),tensor(-43.5148),"[[ 1.07366275e-02  2.70601106e-03 -3.05210170e-03 ...  5.16541477e-04
  -3.43936472e-03  2.91288272e-03]
 [ 3.28613026e-03  1.05023077e-02 -7.24703350e-05 ...  1.28602167e-03
  -2.38135993e-03 -5.22585760e-04]
 [-2.07654713e-03 -4.51341411e-03  1.27400840e-02 ...  1.74168486e-03
   1.14331127e-03  1.60055968e-03]
 ...
 [ 1.85843278e-03  9.60840203e-04 -1.08773890e-03 ...  9.25858505e-03
  -4.17704752e-04 -1.27918029e-03]
 [-6.29538763e-03 -3.04292724e-03 -2.90495413e-03 ...  8.44428199e-04
   1.97973289e-02 -3.70513741e-03]
 [ 9.98963136e-04 -1.20801094e-03 -1.00307423e-03 ... -2.87313643e-03
  -2.64513656e-04  1.01419259e-02]]"
language:response_language_gu,20,"[ 0.022824   -0.00558504  0.01441198 ...  0.02496137 -0.02369536
 -0.04203624]",tensor(107.3042),tensor(-123.9329),"[[ 2.6144737e-03  1.3150614e-04  5.6624366e-04 ...  1.6878226e-03
   1.1331738e-04  2.5889128e-06]
 [ 7.9440832e-04  2.5798234e-03 -6.6419219e-04 ... -1.8845539e-03
   1.1920118e-03 -3.9703737e-04]
 [-1.0550733e-03 -2.8101800e-04  2.1087541e-03 ...  5.5884389e-04
   2.6204553e-03  1.2527986e-03]
 ...
 [ 3.2027523e-04 -1.0052313e-03 -7.1426923e-04 ...  5.2968622e-04
   1.1766457e-03  3.6817117e-04]
 [ 1.4926839e-03  1.0107705e-04  5.9965288e-04 ...  1.6774697e-04
   1.0322345e-03 -9.4150938e-04]
 [-1.7072578e-03 -3.8196170e-04  2.2500181e-03 ...  1.6576759e-04
   1.2975560e-03  2.0982649e-03]]"
language:response_language_te,20,"[-0.01852043  0.01057552 -0.00259956 ... -0.00507301  0.01883069
 -0.02309115]",tensor(70.3694),tensor(-140.9424),"[[ 2.9016377e-03  8.8777131e-04  3.0387049e-03 ... -5.3262437e-04
  -1.3020345e-03 -3.7806137e-03]
 [ 3.7952611e-04  1.8616205e-03 -2.2017340e-04 ... -6.7478564e-04
   2.0886119e-03 -9.4601413e-04]
 [-1.4237671e-03 -5.5314659e-04  4.0465263e-03 ... -1.6170037e-03
   3.8745618e-04 -1.1905741e-04]
 ...
 [-1.9102477e-04  3.0905684e-04  2.2559628e-04 ...  1.4154801e-04
  -1.1290211e-03  6.6384190e-04]
 [ 1.5380079e-03  2.9359488e-03 -4.0454077e-04 ... -7.7028020e-04
   1.9246629e-03 -9.3792949e-04]
 [ 7.2585477e-05 -2.6173604e-04  1.3703742e-03 ... -6.2433415e-04
  -9.7759312e-04  8.7502494e-04]]"
language:response_language_ar,15,"[ 0.03789346  0.01832784 -0.02441134 ...  0.00163261 -0.02663292
 -0.00893144]",tensor(-6.7529),tensor(-99.5297),"[[-1.2101060e-05 -1.2633033e-04 -8.0328551e-04 ...  1.3453950e-03
   8.6377091e-05 -1.0296378e-05]
 [-1.9162839e-04  1.8318481e-03 -2.1660943e-03 ...  2.8960119e-04
   1.0854050e-03  3.4079450e-04]
 [ 9.4439933e-04 -1.0923861e-03  3.8102118e-03 ... -3.3625544e-03
  -4.3696363e-04 -1.1391885e-03]
 ...
 [ 1.8535320e-04 -1.2951815e-03 -5.6515710e-04 ...  4.6474538e-03
  -2.2983311e-04  2.3942089e-03]
 [ 1.6278647e-04  4.6236484e-04 -7.3085120e-04 ... -2.9651666e-04
   8.5965614e-04  4.3998894e-04]
 [-1.8070385e-04 -1.1549761e-03 -1.5518554e-03 ...  1.6489001e-03
   6.3000165e-04  2.2010333e-03]]"
language:response_language_ur,20,"[-0.00044031  0.00173753 -0.01893061 ...  0.00943143 -0.01105347
 -0.02764836]",tensor(69.2581),tensor(-141.4925),"[[ 3.0574698e-03  1.9213241e-03  4.1396084e-04 ...  1.9329385e-03
  -1.1170158e-03  1.8320301e-03]
 [ 1.0341039e-03  7.7101332e-04 -3.1937843e-03 ...  1.0297647e-03
   2.3646101e-03 -8.7140426e-05]
 [ 1.1268831e-03 -7.6666079e-04  4.3651154e-03 ... -1.2545669e-03
   1.5742086e-03 -1.1344932e-03]
 ...
 [-1.7844405e-04  8.8909082e-04 -2.3303173e-05 ...  1.2518063e-03
   1.0820999e-04  5.2768516e-04]
 [ 9.1188028e-04  6.2033581e-04 -3.3582325e-04 ...  6.1968330e-04
   1.8003407e-03 -1.0187716e-03]
 [ 2.6304583e-04  1.5400586e-03  1.8427365e-03 ...  2.1331271e-03
  -1.8103282e-03  5.3201108e-03]]"
language:response_language_de,20,"[-0.01723121  0.01830271  0.01443527 ...  0.00065113 -0.02374846
 -0.00263976]",tensor(16.9663),tensor(-139.0880),"[[ 1.8235671e-03  5.0439092e-04  6.7638350e-04 ... -1.3014990e-03
   2.0678045e-04  3.0993938e-04]
 [ 1.0020328e-03  1.4745557e-03  8.4072066e-04 ... -4.6696546e-04
   1.2869581e-03  1.0318365e-03]
 [ 1.9592482e-03  2.7954851e-05  5.6129172e-03 ... -2.3957584e-03
   5.1067616e-03  7.4047531e-04]
 ...
 [-1.7772671e-03  3.9296024e-04  5.3993898e-04 ...  3.5382826e-03
  -9.2682731e-04  5.1570794e-04]
 [ 7.2094350e-04  7.0953084e-04  3.7226363e-03 ... -1.4948301e-03
   5.2210684e-03  2.8724314e-04]
 [-5.5922056e-04  8.5119065e-04  1.4603325e-03 ...  1.1909012e-03
   1.2099457e-03  2.9658510e-03]]"
