prompt_id,method,scale_alpha,file,total_tokens,code_tokens,word_count,code_lines,pass_5_lines,pass_8_lines,pass_10_lines,pass_12_lines,pass_15_lines,syntax_valid
0,Additive vector,0.25,outputs/generations/compare_gemma_max/prompt_00_additive_scale025.txt,74,74,11,31,False,False,False,False,False,False
0,Additive vector,0.5,outputs/generations/compare_gemma_max/prompt_00_additive_scale05.txt,74,74,11,31,False,False,False,False,False,False
0,Additive vector,1.0,outputs/generations/compare_gemma_max/prompt_00_additive_scale10.txt,74,74,11,31,False,False,False,False,False,False
0,Additive vector,2.0,outputs/generations/compare_gemma_max/prompt_00_additive_scale20.txt,74,74,11,31,False,False,False,False,False,False
0,Multiplicative matrix,0.25,outputs/generations/compare_gemma_max/prompt_00_matrix_alpha025.txt,74,74,11,31,False,False,False,False,False,False
0,Multiplicative matrix,0.5,outputs/generations/compare_gemma_max/prompt_00_matrix_alpha05.txt,74,74,11,31,False,False,False,False,False,False
0,Multiplicative matrix,1.0,outputs/generations/compare_gemma_max/prompt_00_matrix_alpha10.txt,74,74,11,31,False,False,False,False,False,False
0,Multiplicative matrix,2.0,outputs/generations/compare_gemma_max/prompt_00_matrix_alpha20.txt,74,1,11,0,True,True,True,True,True,True
0,No steering,0.0,outputs/generations/compare_gemma_max/prompt_00_no_steering.txt,74,74,11,31,False,False,False,False,False,False
1,Additive vector,0.25,outputs/generations/compare_gemma_max/prompt_01_additive_scale025.txt,73,14,53,2,True,True,True,True,True,True
1,Additive vector,0.5,outputs/generations/compare_gemma_max/prompt_01_additive_scale05.txt,73,14,41,2,True,True,True,True,True,True
1,Additive vector,1.0,outputs/generations/compare_gemma_max/prompt_01_additive_scale10.txt,73,14,53,2,True,True,True,True,True,True
1,Additive vector,2.0,outputs/generations/compare_gemma_max/prompt_01_additive_scale20.txt,73,14,53,2,True,True,True,True,True,True
1,Multiplicative matrix,0.25,outputs/generations/compare_gemma_max/prompt_01_matrix_alpha025.txt,73,14,30,2,True,True,True,True,True,True
1,Multiplicative matrix,0.5,outputs/generations/compare_gemma_max/prompt_01_matrix_alpha05.txt,61,14,41,2,True,True,True,True,True,True
1,Multiplicative matrix,1.0,outputs/generations/compare_gemma_max/prompt_01_matrix_alpha10.txt,73,14,31,2,True,True,True,True,True,True
1,Multiplicative matrix,2.0,outputs/generations/compare_gemma_max/prompt_01_matrix_alpha20.txt,73,73,56,6,False,True,True,True,True,False
1,No steering,0.0,outputs/generations/compare_gemma_max/prompt_01_no_steering.txt,73,14,53,2,True,True,True,True,True,True
2,Additive vector,0.25,outputs/generations/compare_gemma_max/prompt_02_additive_scale025.txt,75,75,13,31,False,False,False,False,False,False
2,Additive vector,0.5,outputs/generations/compare_gemma_max/prompt_02_additive_scale05.txt,75,75,13,31,False,False,False,False,False,False
2,Additive vector,1.0,outputs/generations/compare_gemma_max/prompt_02_additive_scale10.txt,75,75,13,31,False,False,False,False,False,False
2,Additive vector,2.0,outputs/generations/compare_gemma_max/prompt_02_additive_scale20.txt,75,75,13,31,False,False,False,False,False,False
2,Multiplicative matrix,0.25,outputs/generations/compare_gemma_max/prompt_02_matrix_alpha025.txt,75,75,13,31,False,False,False,False,False,False
2,Multiplicative matrix,0.5,outputs/generations/compare_gemma_max/prompt_02_matrix_alpha05.txt,75,75,13,31,False,False,False,False,False,False
2,Multiplicative matrix,1.0,outputs/generations/compare_gemma_max/prompt_02_matrix_alpha10.txt,75,75,13,31,False,False,False,False,False,False
2,Multiplicative matrix,2.0,outputs/generations/compare_gemma_max/prompt_02_matrix_alpha20.txt,75,75,13,31,False,False,False,False,False,False
2,No steering,0.0,outputs/generations/compare_gemma_max/prompt_02_no_steering.txt,75,75,13,31,False,False,False,False,False,False
3,Additive vector,0.25,outputs/generations/compare_gemma_max/prompt_03_additive_scale025.txt,76,6,36,1,True,True,True,True,True,False
3,Additive vector,0.5,outputs/generations/compare_gemma_max/prompt_03_additive_scale05.txt,76,6,36,1,True,True,True,True,True,False
3,Additive vector,1.0,outputs/generations/compare_gemma_max/prompt_03_additive_scale10.txt,76,6,36,1,True,True,True,True,True,False
3,Additive vector,2.0,outputs/generations/compare_gemma_max/prompt_03_additive_scale20.txt,76,6,36,1,True,True,True,True,True,False
3,Multiplicative matrix,0.25,outputs/generations/compare_gemma_max/prompt_03_matrix_alpha025.txt,76,6,36,1,True,True,True,True,True,False
3,Multiplicative matrix,0.5,outputs/generations/compare_gemma_max/prompt_03_matrix_alpha05.txt,76,6,36,1,True,True,True,True,True,False
3,Multiplicative matrix,1.0,outputs/generations/compare_gemma_max/prompt_03_matrix_alpha10.txt,76,12,35,2,True,True,True,True,True,True
3,Multiplicative matrix,2.0,outputs/generations/compare_gemma_max/prompt_03_matrix_alpha20.txt,76,76,14,31,False,False,False,False,False,False
3,No steering,0.0,outputs/generations/compare_gemma_max/prompt_03_no_steering.txt,76,6,36,1,True,True,True,True,True,False
4,Additive vector,0.25,outputs/generations/compare_gemma_max/prompt_04_additive_scale025.txt,75,75,13,31,False,False,False,False,False,False
4,Additive vector,0.5,outputs/generations/compare_gemma_max/prompt_04_additive_scale05.txt,75,75,13,31,False,False,False,False,False,False
4,Additive vector,1.0,outputs/generations/compare_gemma_max/prompt_04_additive_scale10.txt,75,75,13,31,False,False,False,False,False,False
4,Additive vector,2.0,outputs/generations/compare_gemma_max/prompt_04_additive_scale20.txt,75,75,13,31,False,False,False,False,False,False
4,Multiplicative matrix,0.25,outputs/generations/compare_gemma_max/prompt_04_matrix_alpha025.txt,75,75,13,31,False,False,False,False,False,False
4,Multiplicative matrix,0.5,outputs/generations/compare_gemma_max/prompt_04_matrix_alpha05.txt,75,75,13,31,False,False,False,False,False,False
4,Multiplicative matrix,1.0,outputs/generations/compare_gemma_max/prompt_04_matrix_alpha10.txt,75,75,13,31,False,False,False,False,False,False
4,Multiplicative matrix,2.0,outputs/generations/compare_gemma_max/prompt_04_matrix_alpha20.txt,75,75,13,31,False,False,False,False,False,False
4,No steering,0.0,outputs/generations/compare_gemma_max/prompt_04_no_steering.txt,75,75,13,31,False,False,False,False,False,False
5,Additive vector,0.25,outputs/generations/compare_gemma_max/prompt_05_additive_scale025.txt,73,73,70,2,True,True,True,True,True,False
5,Additive vector,0.5,outputs/generations/compare_gemma_max/prompt_05_additive_scale05.txt,73,73,70,2,True,True,True,True,True,False
5,Additive vector,1.0,outputs/generations/compare_gemma_max/prompt_05_additive_scale10.txt,73,73,70,2,True,True,True,True,True,False
5,Additive vector,2.0,outputs/generations/compare_gemma_max/prompt_05_additive_scale20.txt,73,73,70,2,True,True,True,True,True,False
5,Multiplicative matrix,0.25,outputs/generations/compare_gemma_max/prompt_05_matrix_alpha025.txt,73,73,70,2,True,True,True,True,True,False
5,Multiplicative matrix,0.5,outputs/generations/compare_gemma_max/prompt_05_matrix_alpha05.txt,73,73,70,2,True,True,True,True,True,False
5,Multiplicative matrix,1.0,outputs/generations/compare_gemma_max/prompt_05_matrix_alpha10.txt,73,73,51,11,False,False,False,True,True,False
5,Multiplicative matrix,2.0,outputs/generations/compare_gemma_max/prompt_05_matrix_alpha20.txt,73,1,11,0,True,True,True,True,True,True
5,No steering,0.0,outputs/generations/compare_gemma_max/prompt_05_no_steering.txt,73,73,70,2,True,True,True,True,True,False
6,Additive vector,0.25,outputs/generations/compare_gemma_max/prompt_06_additive_scale025.txt,75,75,13,31,False,False,False,False,False,False
6,Additive vector,0.5,outputs/generations/compare_gemma_max/prompt_06_additive_scale05.txt,75,75,13,31,False,False,False,False,False,False
6,Additive vector,1.0,outputs/generations/compare_gemma_max/prompt_06_additive_scale10.txt,75,75,13,31,False,False,False,False,False,False
6,Additive vector,2.0,outputs/generations/compare_gemma_max/prompt_06_additive_scale20.txt,75,75,13,31,False,False,False,False,False,False
6,Multiplicative matrix,0.25,outputs/generations/compare_gemma_max/prompt_06_matrix_alpha025.txt,75,75,13,31,False,False,False,False,False,False
6,Multiplicative matrix,0.5,outputs/generations/compare_gemma_max/prompt_06_matrix_alpha05.txt,75,75,13,31,False,False,False,False,False,False
6,Multiplicative matrix,1.0,outputs/generations/compare_gemma_max/prompt_06_matrix_alpha10.txt,75,75,13,31,False,False,False,False,False,False
6,Multiplicative matrix,2.0,outputs/generations/compare_gemma_max/prompt_06_matrix_alpha20.txt,75,75,13,31,False,False,False,False,False,False
6,No steering,0.0,outputs/generations/compare_gemma_max/prompt_06_no_steering.txt,75,75,13,31,False,False,False,False,False,False
7,Additive vector,0.25,outputs/generations/compare_gemma_max/prompt_07_additive_scale025.txt,71,71,9,31,False,False,False,False,False,False
7,Additive vector,0.5,outputs/generations/compare_gemma_max/prompt_07_additive_scale05.txt,71,71,9,31,False,False,False,False,False,False
7,Additive vector,1.0,outputs/generations/compare_gemma_max/prompt_07_additive_scale10.txt,71,71,9,31,False,False,False,False,False,False
7,Additive vector,2.0,outputs/generations/compare_gemma_max/prompt_07_additive_scale20.txt,71,71,9,31,False,False,False,False,False,False
7,Multiplicative matrix,0.25,outputs/generations/compare_gemma_max/prompt_07_matrix_alpha025.txt,71,71,9,31,False,False,False,False,False,False
7,Multiplicative matrix,0.5,outputs/generations/compare_gemma_max/prompt_07_matrix_alpha05.txt,71,71,9,31,False,False,False,False,False,False
7,Multiplicative matrix,1.0,outputs/generations/compare_gemma_max/prompt_07_matrix_alpha10.txt,71,71,9,31,False,False,False,False,False,False
7,Multiplicative matrix,2.0,outputs/generations/compare_gemma_max/prompt_07_matrix_alpha20.txt,71,1,9,0,True,True,True,True,True,True
7,No steering,0.0,outputs/generations/compare_gemma_max/prompt_07_no_steering.txt,71,71,9,31,False,False,False,False,False,False
8,Additive vector,0.25,outputs/generations/compare_gemma_max/prompt_08_additive_scale025.txt,72,72,10,31,False,False,False,False,False,False
8,Additive vector,0.5,outputs/generations/compare_gemma_max/prompt_08_additive_scale05.txt,72,72,10,31,False,False,False,False,False,False
8,Additive vector,1.0,outputs/generations/compare_gemma_max/prompt_08_additive_scale10.txt,72,72,10,31,False,False,False,False,False,False
8,Additive vector,2.0,outputs/generations/compare_gemma_max/prompt_08_additive_scale20.txt,72,72,10,31,False,False,False,False,False,False
8,Multiplicative matrix,0.25,outputs/generations/compare_gemma_max/prompt_08_matrix_alpha025.txt,72,72,10,31,False,False,False,False,False,False
8,Multiplicative matrix,0.5,outputs/generations/compare_gemma_max/prompt_08_matrix_alpha05.txt,72,24,43,2,True,True,True,True,True,True
8,Multiplicative matrix,1.0,outputs/generations/compare_gemma_max/prompt_08_matrix_alpha10.txt,72,72,40,1,True,True,True,True,True,False
8,Multiplicative matrix,2.0,outputs/generations/compare_gemma_max/prompt_08_matrix_alpha20.txt,72,1,10,0,True,True,True,True,True,True
8,No steering,0.0,outputs/generations/compare_gemma_max/prompt_08_no_steering.txt,72,72,10,31,False,False,False,False,False,False
9,Additive vector,0.25,outputs/generations/compare_gemma_max/prompt_09_additive_scale025.txt,72,19,34,2,True,True,True,True,True,True
9,Additive vector,0.5,outputs/generations/compare_gemma_max/prompt_09_additive_scale05.txt,72,19,34,2,True,True,True,True,True,True
9,Additive vector,1.0,outputs/generations/compare_gemma_max/prompt_09_additive_scale10.txt,72,19,34,2,True,True,True,True,True,True
9,Additive vector,2.0,outputs/generations/compare_gemma_max/prompt_09_additive_scale20.txt,72,19,34,2,True,True,True,True,True,True
9,Multiplicative matrix,0.25,outputs/generations/compare_gemma_max/prompt_09_matrix_alpha025.txt,72,19,36,2,True,True,True,True,True,True
9,Multiplicative matrix,0.5,outputs/generations/compare_gemma_max/prompt_09_matrix_alpha05.txt,72,1,10,0,True,True,True,True,True,True
9,Multiplicative matrix,1.0,outputs/generations/compare_gemma_max/prompt_09_matrix_alpha10.txt,72,1,10,0,True,True,True,True,True,True
9,Multiplicative matrix,2.0,outputs/generations/compare_gemma_max/prompt_09_matrix_alpha20.txt,72,1,10,0,True,True,True,True,True,True
9,No steering,0.0,outputs/generations/compare_gemma_max/prompt_09_no_steering.txt,72,19,34,2,True,True,True,True,True,True
10,Additive vector,0.25,outputs/generations/compare_gemma_max/prompt_10_additive_scale025.txt,76,76,14,31,False,False,False,False,False,False
10,Additive vector,0.5,outputs/generations/compare_gemma_max/prompt_10_additive_scale05.txt,76,76,14,31,False,False,False,False,False,False
10,Additive vector,1.0,outputs/generations/compare_gemma_max/prompt_10_additive_scale10.txt,76,76,14,31,False,False,False,False,False,False
10,Additive vector,2.0,outputs/generations/compare_gemma_max/prompt_10_additive_scale20.txt,76,76,14,31,False,False,False,False,False,False
10,Multiplicative matrix,0.25,outputs/generations/compare_gemma_max/prompt_10_matrix_alpha025.txt,76,76,14,31,False,False,False,False,False,False
10,Multiplicative matrix,0.5,outputs/generations/compare_gemma_max/prompt_10_matrix_alpha05.txt,76,76,14,31,False,False,False,False,False,False
10,Multiplicative matrix,1.0,outputs/generations/compare_gemma_max/prompt_10_matrix_alpha10.txt,76,76,14,31,False,False,False,False,False,False
10,Multiplicative matrix,2.0,outputs/generations/compare_gemma_max/prompt_10_matrix_alpha20.txt,25,25,14,2,True,True,True,True,True,False
10,No steering,0.0,outputs/generations/compare_gemma_max/prompt_10_no_steering.txt,76,76,14,31,False,False,False,False,False,False
11,Additive vector,0.25,outputs/generations/compare_gemma_max/prompt_11_additive_scale025.txt,74,74,12,31,False,False,False,False,False,False
11,Additive vector,0.5,outputs/generations/compare_gemma_max/prompt_11_additive_scale05.txt,74,74,12,31,False,False,False,False,False,False
11,Additive vector,1.0,outputs/generations/compare_gemma_max/prompt_11_additive_scale10.txt,74,74,12,31,False,False,False,False,False,False
11,Additive vector,2.0,outputs/generations/compare_gemma_max/prompt_11_additive_scale20.txt,74,74,12,31,False,False,False,False,False,False
11,Multiplicative matrix,0.25,outputs/generations/compare_gemma_max/prompt_11_matrix_alpha025.txt,74,74,12,31,False,False,False,False,False,False
11,Multiplicative matrix,0.5,outputs/generations/compare_gemma_max/prompt_11_matrix_alpha05.txt,74,74,12,31,False,False,False,False,False,False
11,Multiplicative matrix,1.0,outputs/generations/compare_gemma_max/prompt_11_matrix_alpha10.txt,74,1,12,0,True,True,True,True,True,True
11,Multiplicative matrix,2.0,outputs/generations/compare_gemma_max/prompt_11_matrix_alpha20.txt,74,74,42,1,True,True,True,True,True,False
11,No steering,0.0,outputs/generations/compare_gemma_max/prompt_11_no_steering.txt,74,74,12,31,False,False,False,False,False,False
12,Additive vector,0.25,outputs/generations/compare_gemma_max/prompt_12_additive_scale025.txt,73,73,11,31,False,False,False,False,False,False
12,Additive vector,0.5,outputs/generations/compare_gemma_max/prompt_12_additive_scale05.txt,73,73,11,31,False,False,False,False,False,False
12,Additive vector,1.0,outputs/generations/compare_gemma_max/prompt_12_additive_scale10.txt,73,73,11,31,False,False,False,False,False,False
12,Additive vector,2.0,outputs/generations/compare_gemma_max/prompt_12_additive_scale20.txt,73,73,11,31,False,False,False,False,False,False
12,Multiplicative matrix,0.25,outputs/generations/compare_gemma_max/prompt_12_matrix_alpha025.txt,73,1,11,0,True,True,True,True,True,True
12,Multiplicative matrix,0.5,outputs/generations/compare_gemma_max/prompt_12_matrix_alpha05.txt,73,1,11,0,True,True,True,True,True,True
12,Multiplicative matrix,1.0,outputs/generations/compare_gemma_max/prompt_12_matrix_alpha10.txt,73,1,11,0,True,True,True,True,True,True
12,Multiplicative matrix,2.0,outputs/generations/compare_gemma_max/prompt_12_matrix_alpha20.txt,73,1,11,0,True,True,True,True,True,True
12,No steering,0.0,outputs/generations/compare_gemma_max/prompt_12_no_steering.txt,73,73,11,31,False,False,False,False,False,False
13,Additive vector,0.25,outputs/generations/compare_gemma_max/prompt_13_additive_scale025.txt,73,73,11,31,False,False,False,False,False,False
13,Additive vector,0.5,outputs/generations/compare_gemma_max/prompt_13_additive_scale05.txt,73,73,11,31,False,False,False,False,False,False
13,Additive vector,1.0,outputs/generations/compare_gemma_max/prompt_13_additive_scale10.txt,73,73,11,31,False,False,False,False,False,False
13,Additive vector,2.0,outputs/generations/compare_gemma_max/prompt_13_additive_scale20.txt,73,73,11,31,False,False,False,False,False,False
13,Multiplicative matrix,0.25,outputs/generations/compare_gemma_max/prompt_13_matrix_alpha025.txt,73,73,11,31,False,False,False,False,False,False
13,Multiplicative matrix,0.5,outputs/generations/compare_gemma_max/prompt_13_matrix_alpha05.txt,73,73,11,31,False,False,False,False,False,False
13,Multiplicative matrix,1.0,outputs/generations/compare_gemma_max/prompt_13_matrix_alpha10.txt,73,73,11,31,False,False,False,False,False,False
13,Multiplicative matrix,2.0,outputs/generations/compare_gemma_max/prompt_13_matrix_alpha20.txt,73,73,11,31,False,False,False,False,False,False
13,No steering,0.0,outputs/generations/compare_gemma_max/prompt_13_no_steering.txt,73,73,11,31,False,False,False,False,False,False
14,Additive vector,0.25,outputs/generations/compare_gemma_max/prompt_14_additive_scale025.txt,71,71,9,31,False,False,False,False,False,False
14,Additive vector,0.5,outputs/generations/compare_gemma_max/prompt_14_additive_scale05.txt,71,71,9,31,False,False,False,False,False,False
14,Additive vector,1.0,outputs/generations/compare_gemma_max/prompt_14_additive_scale10.txt,71,71,9,31,False,False,False,False,False,False
14,Additive vector,2.0,outputs/generations/compare_gemma_max/prompt_14_additive_scale20.txt,71,71,9,31,False,False,False,False,False,False
14,Multiplicative matrix,0.25,outputs/generations/compare_gemma_max/prompt_14_matrix_alpha025.txt,71,27,34,2,True,True,True,True,True,True
14,Multiplicative matrix,0.5,outputs/generations/compare_gemma_max/prompt_14_matrix_alpha05.txt,71,1,9,0,True,True,True,True,True,True
14,Multiplicative matrix,1.0,outputs/generations/compare_gemma_max/prompt_14_matrix_alpha10.txt,71,1,9,0,True,True,True,True,True,True
14,Multiplicative matrix,2.0,outputs/generations/compare_gemma_max/prompt_14_matrix_alpha20.txt,71,1,9,0,True,True,True,True,True,True
14,No steering,0.0,outputs/generations/compare_gemma_max/prompt_14_no_steering.txt,71,71,9,31,False,False,False,False,False,False
15,Additive vector,0.25,outputs/generations/compare_gemma_max/prompt_15_additive_scale025.txt,73,73,11,31,False,False,False,False,False,False
15,Additive vector,0.5,outputs/generations/compare_gemma_max/prompt_15_additive_scale05.txt,73,73,11,31,False,False,False,False,False,False
15,Additive vector,1.0,outputs/generations/compare_gemma_max/prompt_15_additive_scale10.txt,73,73,11,31,False,False,False,False,False,False
15,Additive vector,2.0,outputs/generations/compare_gemma_max/prompt_15_additive_scale20.txt,73,73,11,31,False,False,False,False,False,False
15,Multiplicative matrix,0.25,outputs/generations/compare_gemma_max/prompt_15_matrix_alpha025.txt,73,73,11,31,False,False,False,False,False,False
15,Multiplicative matrix,0.5,outputs/generations/compare_gemma_max/prompt_15_matrix_alpha05.txt,73,73,11,31,False,False,False,False,False,False
15,Multiplicative matrix,1.0,outputs/generations/compare_gemma_max/prompt_15_matrix_alpha10.txt,73,27,52,2,True,True,True,True,True,False
15,Multiplicative matrix,2.0,outputs/generations/compare_gemma_max/prompt_15_matrix_alpha20.txt,73,73,11,31,False,False,False,False,False,False
15,No steering,0.0,outputs/generations/compare_gemma_max/prompt_15_no_steering.txt,73,73,11,31,False,False,False,False,False,False
16,Additive vector,0.25,outputs/generations/compare_gemma_max/prompt_16_additive_scale025.txt,77,77,15,31,False,False,False,False,False,False
16,Additive vector,0.5,outputs/generations/compare_gemma_max/prompt_16_additive_scale05.txt,77,77,15,31,False,False,False,False,False,False
16,Additive vector,1.0,outputs/generations/compare_gemma_max/prompt_16_additive_scale10.txt,77,77,15,31,False,False,False,False,False,False
16,Additive vector,2.0,outputs/generations/compare_gemma_max/prompt_16_additive_scale20.txt,77,77,15,31,False,False,False,False,False,False
16,Multiplicative matrix,0.25,outputs/generations/compare_gemma_max/prompt_16_matrix_alpha025.txt,77,77,15,31,False,False,False,False,False,False
16,Multiplicative matrix,0.5,outputs/generations/compare_gemma_max/prompt_16_matrix_alpha05.txt,77,1,15,0,True,True,True,True,True,True
16,Multiplicative matrix,1.0,outputs/generations/compare_gemma_max/prompt_16_matrix_alpha10.txt,77,1,15,0,True,True,True,True,True,True
16,Multiplicative matrix,2.0,outputs/generations/compare_gemma_max/prompt_16_matrix_alpha20.txt,77,1,15,0,True,True,True,True,True,True
16,No steering,0.0,outputs/generations/compare_gemma_max/prompt_16_no_steering.txt,77,77,15,31,False,False,False,False,False,False
17,Additive vector,0.25,outputs/generations/compare_gemma_max/prompt_17_additive_scale025.txt,75,75,13,31,False,False,False,False,False,False
17,Additive vector,0.5,outputs/generations/compare_gemma_max/prompt_17_additive_scale05.txt,75,75,13,31,False,False,False,False,False,False
17,Additive vector,1.0,outputs/generations/compare_gemma_max/prompt_17_additive_scale10.txt,75,75,13,31,False,False,False,False,False,False
17,Additive vector,2.0,outputs/generations/compare_gemma_max/prompt_17_additive_scale20.txt,75,75,13,31,False,False,False,False,False,False
17,Multiplicative matrix,0.25,outputs/generations/compare_gemma_max/prompt_17_matrix_alpha025.txt,75,75,13,31,False,False,False,False,False,False
17,Multiplicative matrix,0.5,outputs/generations/compare_gemma_max/prompt_17_matrix_alpha05.txt,75,75,13,31,False,False,False,False,False,False
17,Multiplicative matrix,1.0,outputs/generations/compare_gemma_max/prompt_17_matrix_alpha10.txt,75,75,13,31,False,False,False,False,False,False
17,Multiplicative matrix,2.0,outputs/generations/compare_gemma_max/prompt_17_matrix_alpha20.txt,75,75,13,31,False,False,False,False,False,False
17,No steering,0.0,outputs/generations/compare_gemma_max/prompt_17_no_steering.txt,75,75,13,31,False,False,False,False,False,False
18,Additive vector,0.25,outputs/generations/compare_gemma_max/prompt_18_additive_scale025.txt,74,74,12,31,False,False,False,False,False,False
18,Additive vector,0.5,outputs/generations/compare_gemma_max/prompt_18_additive_scale05.txt,74,74,12,31,False,False,False,False,False,False
18,Additive vector,1.0,outputs/generations/compare_gemma_max/prompt_18_additive_scale10.txt,74,74,12,31,False,False,False,False,False,False
18,Additive vector,2.0,outputs/generations/compare_gemma_max/prompt_18_additive_scale20.txt,74,74,12,31,False,False,False,False,False,False
18,Multiplicative matrix,0.25,outputs/generations/compare_gemma_max/prompt_18_matrix_alpha025.txt,74,74,12,31,False,False,False,False,False,False
18,Multiplicative matrix,0.5,outputs/generations/compare_gemma_max/prompt_18_matrix_alpha05.txt,74,74,12,31,False,False,False,False,False,False
18,Multiplicative matrix,1.0,outputs/generations/compare_gemma_max/prompt_18_matrix_alpha10.txt,74,1,12,0,True,True,True,True,True,True
18,Multiplicative matrix,2.0,outputs/generations/compare_gemma_max/prompt_18_matrix_alpha20.txt,74,1,12,0,True,True,True,True,True,True
18,No steering,0.0,outputs/generations/compare_gemma_max/prompt_18_no_steering.txt,74,74,12,31,False,False,False,False,False,False
19,Additive vector,0.25,outputs/generations/compare_gemma_max/prompt_19_additive_scale025.txt,70,70,8,31,False,False,False,False,False,False
19,Additive vector,0.5,outputs/generations/compare_gemma_max/prompt_19_additive_scale05.txt,70,70,8,31,False,False,False,False,False,False
19,Additive vector,1.0,outputs/generations/compare_gemma_max/prompt_19_additive_scale10.txt,70,70,8,31,False,False,False,False,False,False
19,Additive vector,2.0,outputs/generations/compare_gemma_max/prompt_19_additive_scale20.txt,70,70,8,31,False,False,False,False,False,False
19,Multiplicative matrix,0.25,outputs/generations/compare_gemma_max/prompt_19_matrix_alpha025.txt,70,70,8,31,False,False,False,False,False,False
19,Multiplicative matrix,0.5,outputs/generations/compare_gemma_max/prompt_19_matrix_alpha05.txt,70,70,8,31,False,False,False,False,False,False
19,Multiplicative matrix,1.0,outputs/generations/compare_gemma_max/prompt_19_matrix_alpha10.txt,70,70,8,31,False,False,False,False,False,False
19,Multiplicative matrix,2.0,outputs/generations/compare_gemma_max/prompt_19_matrix_alpha20.txt,70,1,8,0,True,True,True,True,True,True
19,No steering,0.0,outputs/generations/compare_gemma_max/prompt_19_no_steering.txt,70,70,8,31,False,False,False,False,False,False
20,Additive vector,0.25,outputs/generations/compare_gemma_max/prompt_20_additive_scale025.txt,71,71,9,31,False,False,False,False,False,False
20,Additive vector,0.5,outputs/generations/compare_gemma_max/prompt_20_additive_scale05.txt,71,71,9,31,False,False,False,False,False,False
20,Additive vector,1.0,outputs/generations/compare_gemma_max/prompt_20_additive_scale10.txt,71,71,9,31,False,False,False,False,False,False
20,Additive vector,2.0,outputs/generations/compare_gemma_max/prompt_20_additive_scale20.txt,71,71,9,31,False,False,False,False,False,False
20,Multiplicative matrix,0.25,outputs/generations/compare_gemma_max/prompt_20_matrix_alpha025.txt,71,71,9,31,False,False,False,False,False,False
20,Multiplicative matrix,0.5,outputs/generations/compare_gemma_max/prompt_20_matrix_alpha05.txt,71,71,9,31,False,False,False,False,False,False
20,Multiplicative matrix,1.0,outputs/generations/compare_gemma_max/prompt_20_matrix_alpha10.txt,71,1,9,0,True,True,True,True,True,True
20,Multiplicative matrix,2.0,outputs/generations/compare_gemma_max/prompt_20_matrix_alpha20.txt,71,1,9,0,True,True,True,True,True,True
20,No steering,0.0,outputs/generations/compare_gemma_max/prompt_20_no_steering.txt,71,71,9,31,False,False,False,False,False,False
21,Additive vector,0.25,outputs/generations/compare_gemma_max/prompt_21_additive_scale025.txt,74,74,12,31,False,False,False,False,False,False
21,Additive vector,0.5,outputs/generations/compare_gemma_max/prompt_21_additive_scale05.txt,74,74,12,31,False,False,False,False,False,False
21,Additive vector,1.0,outputs/generations/compare_gemma_max/prompt_21_additive_scale10.txt,74,74,12,31,False,False,False,False,False,False
21,Additive vector,2.0,outputs/generations/compare_gemma_max/prompt_21_additive_scale20.txt,74,74,12,31,False,False,False,False,False,False
21,Multiplicative matrix,0.25,outputs/generations/compare_gemma_max/prompt_21_matrix_alpha025.txt,74,74,12,31,False,False,False,False,False,False
21,Multiplicative matrix,0.5,outputs/generations/compare_gemma_max/prompt_21_matrix_alpha05.txt,74,74,12,31,False,False,False,False,False,False
21,Multiplicative matrix,1.0,outputs/generations/compare_gemma_max/prompt_21_matrix_alpha10.txt,74,74,12,31,False,False,False,False,False,False
21,Multiplicative matrix,2.0,outputs/generations/compare_gemma_max/prompt_21_matrix_alpha20.txt,74,74,12,31,False,False,False,False,False,False
21,No steering,0.0,outputs/generations/compare_gemma_max/prompt_21_no_steering.txt,74,74,12,31,False,False,False,False,False,False
22,Additive vector,0.25,outputs/generations/compare_gemma_max/prompt_22_additive_scale025.txt,75,75,13,31,False,False,False,False,False,False
22,Additive vector,0.5,outputs/generations/compare_gemma_max/prompt_22_additive_scale05.txt,75,75,13,31,False,False,False,False,False,False
22,Additive vector,1.0,outputs/generations/compare_gemma_max/prompt_22_additive_scale10.txt,75,75,13,31,False,False,False,False,False,False
22,Additive vector,2.0,outputs/generations/compare_gemma_max/prompt_22_additive_scale20.txt,75,75,13,31,False,False,False,False,False,False
22,Multiplicative matrix,0.25,outputs/generations/compare_gemma_max/prompt_22_matrix_alpha025.txt,75,75,13,31,False,False,False,False,False,False
22,Multiplicative matrix,0.5,outputs/generations/compare_gemma_max/prompt_22_matrix_alpha05.txt,75,75,13,31,False,False,False,False,False,False
22,Multiplicative matrix,1.0,outputs/generations/compare_gemma_max/prompt_22_matrix_alpha10.txt,75,75,13,31,False,False,False,False,False,False
22,Multiplicative matrix,2.0,outputs/generations/compare_gemma_max/prompt_22_matrix_alpha20.txt,75,75,13,31,False,False,False,False,False,False
22,No steering,0.0,outputs/generations/compare_gemma_max/prompt_22_no_steering.txt,75,75,13,31,False,False,False,False,False,False
23,Additive vector,0.25,outputs/generations/compare_gemma_max/prompt_23_additive_scale025.txt,73,73,11,31,False,False,False,False,False,False
23,Additive vector,0.5,outputs/generations/compare_gemma_max/prompt_23_additive_scale05.txt,73,73,11,31,False,False,False,False,False,False
23,Additive vector,1.0,outputs/generations/compare_gemma_max/prompt_23_additive_scale10.txt,73,73,11,31,False,False,False,False,False,False
23,Additive vector,2.0,outputs/generations/compare_gemma_max/prompt_23_additive_scale20.txt,73,73,11,31,False,False,False,False,False,False
23,Multiplicative matrix,0.25,outputs/generations/compare_gemma_max/prompt_23_matrix_alpha025.txt,73,73,11,31,False,False,False,False,False,False
23,Multiplicative matrix,0.5,outputs/generations/compare_gemma_max/prompt_23_matrix_alpha05.txt,73,1,11,0,True,True,True,True,True,True
23,Multiplicative matrix,1.0,outputs/generations/compare_gemma_max/prompt_23_matrix_alpha10.txt,73,1,11,0,True,True,True,True,True,True
23,Multiplicative matrix,2.0,outputs/generations/compare_gemma_max/prompt_23_matrix_alpha20.txt,73,1,11,0,True,True,True,True,True,True
23,No steering,0.0,outputs/generations/compare_gemma_max/prompt_23_no_steering.txt,73,73,11,31,False,False,False,False,False,False
24,Additive vector,0.25,outputs/generations/compare_gemma_max/prompt_24_additive_scale025.txt,73,38,39,5,True,True,True,True,True,True
24,Additive vector,0.5,outputs/generations/compare_gemma_max/prompt_24_additive_scale05.txt,73,14,50,3,True,True,True,True,True,False
24,Additive vector,1.0,outputs/generations/compare_gemma_max/prompt_24_additive_scale10.txt,73,14,50,3,True,True,True,True,True,False
24,Additive vector,2.0,outputs/generations/compare_gemma_max/prompt_24_additive_scale20.txt,73,14,50,3,True,True,True,True,True,False
24,Multiplicative matrix,0.25,outputs/generations/compare_gemma_max/prompt_24_matrix_alpha025.txt,69,13,51,2,True,True,True,True,True,True
24,Multiplicative matrix,0.5,outputs/generations/compare_gemma_max/prompt_24_matrix_alpha05.txt,73,1,11,0,True,True,True,True,True,True
24,Multiplicative matrix,1.0,outputs/generations/compare_gemma_max/prompt_24_matrix_alpha10.txt,73,1,11,0,True,True,True,True,True,True
24,Multiplicative matrix,2.0,outputs/generations/compare_gemma_max/prompt_24_matrix_alpha20.txt,73,1,11,0,True,True,True,True,True,True
24,No steering,0.0,outputs/generations/compare_gemma_max/prompt_24_no_steering.txt,73,38,39,5,True,True,True,True,True,True
25,Additive vector,0.25,outputs/generations/compare_gemma_max/prompt_25_additive_scale025.txt,75,75,43,1,True,True,True,True,True,False
25,Additive vector,0.5,outputs/generations/compare_gemma_max/prompt_25_additive_scale05.txt,75,75,43,1,True,True,True,True,True,False
25,Additive vector,1.0,outputs/generations/compare_gemma_max/prompt_25_additive_scale10.txt,75,75,43,1,True,True,True,True,True,False
25,Additive vector,2.0,outputs/generations/compare_gemma_max/prompt_25_additive_scale20.txt,75,75,43,1,True,True,True,True,True,False
25,Multiplicative matrix,0.25,outputs/generations/compare_gemma_max/prompt_25_matrix_alpha025.txt,75,75,43,1,True,True,True,True,True,False
25,Multiplicative matrix,0.5,outputs/generations/compare_gemma_max/prompt_25_matrix_alpha05.txt,75,75,13,31,False,False,False,False,False,False
25,Multiplicative matrix,1.0,outputs/generations/compare_gemma_max/prompt_25_matrix_alpha10.txt,75,75,13,31,False,False,False,False,False,False
25,Multiplicative matrix,2.0,outputs/generations/compare_gemma_max/prompt_25_matrix_alpha20.txt,75,75,13,31,False,False,False,False,False,False
25,No steering,0.0,outputs/generations/compare_gemma_max/prompt_25_no_steering.txt,75,75,43,1,True,True,True,True,True,False
26,Additive vector,0.25,outputs/generations/compare_gemma_max/prompt_26_additive_scale025.txt,73,73,11,31,False,False,False,False,False,False
26,Additive vector,0.5,outputs/generations/compare_gemma_max/prompt_26_additive_scale05.txt,73,73,11,31,False,False,False,False,False,False
26,Additive vector,1.0,outputs/generations/compare_gemma_max/prompt_26_additive_scale10.txt,73,73,11,31,False,False,False,False,False,False
26,Additive vector,2.0,outputs/generations/compare_gemma_max/prompt_26_additive_scale20.txt,73,73,11,31,False,False,False,False,False,False
26,Multiplicative matrix,0.25,outputs/generations/compare_gemma_max/prompt_26_matrix_alpha025.txt,73,73,11,31,False,False,False,False,False,False
26,Multiplicative matrix,0.5,outputs/generations/compare_gemma_max/prompt_26_matrix_alpha05.txt,73,73,11,31,False,False,False,False,False,False
26,Multiplicative matrix,1.0,outputs/generations/compare_gemma_max/prompt_26_matrix_alpha10.txt,73,73,11,31,False,False,False,False,False,False
26,Multiplicative matrix,2.0,outputs/generations/compare_gemma_max/prompt_26_matrix_alpha20.txt,22,22,11,2,True,True,True,True,True,False
26,No steering,0.0,outputs/generations/compare_gemma_max/prompt_26_no_steering.txt,73,73,11,31,False,False,False,False,False,False
27,Additive vector,0.25,outputs/generations/compare_gemma_max/prompt_27_additive_scale025.txt,74,74,12,31,False,False,False,False,False,False
27,Additive vector,0.5,outputs/generations/compare_gemma_max/prompt_27_additive_scale05.txt,74,74,12,31,False,False,False,False,False,False
27,Additive vector,1.0,outputs/generations/compare_gemma_max/prompt_27_additive_scale10.txt,74,74,12,31,False,False,False,False,False,False
27,Additive vector,2.0,outputs/generations/compare_gemma_max/prompt_27_additive_scale20.txt,74,74,12,31,False,False,False,False,False,False
27,Multiplicative matrix,0.25,outputs/generations/compare_gemma_max/prompt_27_matrix_alpha025.txt,74,74,12,31,False,False,False,False,False,False
27,Multiplicative matrix,0.5,outputs/generations/compare_gemma_max/prompt_27_matrix_alpha05.txt,74,1,12,0,True,True,True,True,True,True
27,Multiplicative matrix,1.0,outputs/generations/compare_gemma_max/prompt_27_matrix_alpha10.txt,74,1,12,0,True,True,True,True,True,True
27,Multiplicative matrix,2.0,outputs/generations/compare_gemma_max/prompt_27_matrix_alpha20.txt,74,74,58,6,False,True,True,True,True,False
27,No steering,0.0,outputs/generations/compare_gemma_max/prompt_27_no_steering.txt,74,74,12,31,False,False,False,False,False,False
28,Additive vector,0.25,outputs/generations/compare_gemma_max/prompt_28_additive_scale025.txt,75,75,13,31,False,False,False,False,False,False
28,Additive vector,0.5,outputs/generations/compare_gemma_max/prompt_28_additive_scale05.txt,75,75,13,31,False,False,False,False,False,False
28,Additive vector,1.0,outputs/generations/compare_gemma_max/prompt_28_additive_scale10.txt,75,75,13,31,False,False,False,False,False,False
28,Additive vector,2.0,outputs/generations/compare_gemma_max/prompt_28_additive_scale20.txt,75,75,13,31,False,False,False,False,False,False
28,Multiplicative matrix,0.25,outputs/generations/compare_gemma_max/prompt_28_matrix_alpha025.txt,75,75,13,31,False,False,False,False,False,False
28,Multiplicative matrix,0.5,outputs/generations/compare_gemma_max/prompt_28_matrix_alpha05.txt,75,75,13,31,False,False,False,False,False,False
28,Multiplicative matrix,1.0,outputs/generations/compare_gemma_max/prompt_28_matrix_alpha10.txt,75,75,13,31,False,False,False,False,False,False
28,Multiplicative matrix,2.0,outputs/generations/compare_gemma_max/prompt_28_matrix_alpha20.txt,75,1,13,0,True,True,True,True,True,True
28,No steering,0.0,outputs/generations/compare_gemma_max/prompt_28_no_steering.txt,75,75,13,31,False,False,False,False,False,False
29,Additive vector,0.25,outputs/generations/compare_gemma_max/prompt_29_additive_scale025.txt,75,75,13,31,False,False,False,False,False,False
29,Additive vector,0.5,outputs/generations/compare_gemma_max/prompt_29_additive_scale05.txt,75,75,13,31,False,False,False,False,False,False
29,Additive vector,1.0,outputs/generations/compare_gemma_max/prompt_29_additive_scale10.txt,75,75,13,31,False,False,False,False,False,False
29,Additive vector,2.0,outputs/generations/compare_gemma_max/prompt_29_additive_scale20.txt,75,75,13,31,False,False,False,False,False,False
29,Multiplicative matrix,0.25,outputs/generations/compare_gemma_max/prompt_29_matrix_alpha025.txt,75,75,13,31,False,False,False,False,False,False
29,Multiplicative matrix,0.5,outputs/generations/compare_gemma_max/prompt_29_matrix_alpha05.txt,75,75,13,31,False,False,False,False,False,False
29,Multiplicative matrix,1.0,outputs/generations/compare_gemma_max/prompt_29_matrix_alpha10.txt,75,75,13,31,False,False,False,False,False,False
29,Multiplicative matrix,2.0,outputs/generations/compare_gemma_max/prompt_29_matrix_alpha20.txt,75,75,13,31,False,False,False,False,False,False
29,No steering,0.0,outputs/generations/compare_gemma_max/prompt_29_no_steering.txt,75,75,13,31,False,False,False,False,False,False
30,Additive vector,0.25,outputs/generations/compare_gemma_max/prompt_30_additive_scale025.txt,74,74,12,31,False,False,False,False,False,False
30,Additive vector,0.5,outputs/generations/compare_gemma_max/prompt_30_additive_scale05.txt,74,74,12,31,False,False,False,False,False,False
30,Additive vector,1.0,outputs/generations/compare_gemma_max/prompt_30_additive_scale10.txt,74,74,12,31,False,False,False,False,False,False
30,Additive vector,2.0,outputs/generations/compare_gemma_max/prompt_30_additive_scale20.txt,74,74,12,31,False,False,False,False,False,False
30,Multiplicative matrix,0.25,outputs/generations/compare_gemma_max/prompt_30_matrix_alpha025.txt,74,74,12,31,False,False,False,False,False,False
30,Multiplicative matrix,0.5,outputs/generations/compare_gemma_max/prompt_30_matrix_alpha05.txt,74,74,12,31,False,False,False,False,False,False
30,Multiplicative matrix,1.0,outputs/generations/compare_gemma_max/prompt_30_matrix_alpha10.txt,74,74,12,31,False,False,False,False,False,False
30,Multiplicative matrix,2.0,outputs/generations/compare_gemma_max/prompt_30_matrix_alpha20.txt,74,74,12,31,False,False,False,False,False,False
30,No steering,0.0,outputs/generations/compare_gemma_max/prompt_30_no_steering.txt,74,74,12,31,False,False,False,False,False,False
31,Additive vector,0.25,outputs/generations/compare_gemma_max/prompt_31_additive_scale025.txt,74,74,27,7,False,True,True,True,True,False
31,Additive vector,0.5,outputs/generations/compare_gemma_max/prompt_31_additive_scale05.txt,74,74,27,7,False,True,True,True,True,False
31,Additive vector,1.0,outputs/generations/compare_gemma_max/prompt_31_additive_scale10.txt,74,74,27,7,False,True,True,True,True,False
31,Additive vector,2.0,outputs/generations/compare_gemma_max/prompt_31_additive_scale20.txt,74,74,27,7,False,True,True,True,True,False
31,Multiplicative matrix,0.25,outputs/generations/compare_gemma_max/prompt_31_matrix_alpha025.txt,74,42,38,2,True,True,True,True,True,True
31,Multiplicative matrix,0.5,outputs/generations/compare_gemma_max/prompt_31_matrix_alpha05.txt,74,44,36,3,True,True,True,True,True,True
31,Multiplicative matrix,1.0,outputs/generations/compare_gemma_max/prompt_31_matrix_alpha10.txt,73,36,34,2,True,True,True,True,True,True
31,Multiplicative matrix,2.0,outputs/generations/compare_gemma_max/prompt_31_matrix_alpha20.txt,74,74,12,31,False,False,False,False,False,False
31,No steering,0.0,outputs/generations/compare_gemma_max/prompt_31_no_steering.txt,74,74,27,7,False,True,True,True,True,False
32,Additive vector,0.25,outputs/generations/compare_gemma_max/prompt_32_additive_scale025.txt,73,73,11,31,False,False,False,False,False,False
32,Additive vector,0.5,outputs/generations/compare_gemma_max/prompt_32_additive_scale05.txt,73,73,11,31,False,False,False,False,False,False
32,Additive vector,1.0,outputs/generations/compare_gemma_max/prompt_32_additive_scale10.txt,73,73,11,31,False,False,False,False,False,False
32,Additive vector,2.0,outputs/generations/compare_gemma_max/prompt_32_additive_scale20.txt,73,73,11,31,False,False,False,False,False,False
32,Multiplicative matrix,0.25,outputs/generations/compare_gemma_max/prompt_32_matrix_alpha025.txt,73,73,11,31,False,False,False,False,False,False
32,Multiplicative matrix,0.5,outputs/generations/compare_gemma_max/prompt_32_matrix_alpha05.txt,73,73,11,31,False,False,False,False,False,False
32,Multiplicative matrix,1.0,outputs/generations/compare_gemma_max/prompt_32_matrix_alpha10.txt,73,1,11,0,True,True,True,True,True,True
32,Multiplicative matrix,2.0,outputs/generations/compare_gemma_max/prompt_32_matrix_alpha20.txt,73,73,11,31,False,False,False,False,False,False
32,No steering,0.0,outputs/generations/compare_gemma_max/prompt_32_no_steering.txt,73,73,11,31,False,False,False,False,False,False
33,Additive vector,0.25,outputs/generations/compare_gemma_max/prompt_33_additive_scale025.txt,73,73,11,31,False,False,False,False,False,False
33,Additive vector,0.5,outputs/generations/compare_gemma_max/prompt_33_additive_scale05.txt,73,73,11,31,False,False,False,False,False,False
33,Additive vector,1.0,outputs/generations/compare_gemma_max/prompt_33_additive_scale10.txt,73,73,11,31,False,False,False,False,False,False
33,Additive vector,2.0,outputs/generations/compare_gemma_max/prompt_33_additive_scale20.txt,73,73,11,31,False,False,False,False,False,False
33,Multiplicative matrix,0.25,outputs/generations/compare_gemma_max/prompt_33_matrix_alpha025.txt,73,73,11,31,False,False,False,False,False,False
33,Multiplicative matrix,0.5,outputs/generations/compare_gemma_max/prompt_33_matrix_alpha05.txt,73,73,11,31,False,False,False,False,False,False
33,Multiplicative matrix,1.0,outputs/generations/compare_gemma_max/prompt_33_matrix_alpha10.txt,73,73,11,31,False,False,False,False,False,False
33,Multiplicative matrix,2.0,outputs/generations/compare_gemma_max/prompt_33_matrix_alpha20.txt,73,73,11,31,False,False,False,False,False,False
33,No steering,0.0,outputs/generations/compare_gemma_max/prompt_33_no_steering.txt,73,73,11,31,False,False,False,False,False,False
34,Additive vector,0.25,outputs/generations/compare_gemma_max/prompt_34_additive_scale025.txt,74,74,12,31,False,False,False,False,False,False
34,Additive vector,0.5,outputs/generations/compare_gemma_max/prompt_34_additive_scale05.txt,74,74,12,31,False,False,False,False,False,False
34,Additive vector,1.0,outputs/generations/compare_gemma_max/prompt_34_additive_scale10.txt,74,74,12,31,False,False,False,False,False,False
34,Additive vector,2.0,outputs/generations/compare_gemma_max/prompt_34_additive_scale20.txt,74,74,12,31,False,False,False,False,False,False
34,Multiplicative matrix,0.25,outputs/generations/compare_gemma_max/prompt_34_matrix_alpha025.txt,74,74,12,31,False,False,False,False,False,False
34,Multiplicative matrix,0.5,outputs/generations/compare_gemma_max/prompt_34_matrix_alpha05.txt,74,74,12,31,False,False,False,False,False,False
34,Multiplicative matrix,1.0,outputs/generations/compare_gemma_max/prompt_34_matrix_alpha10.txt,74,1,12,0,True,True,True,True,True,True
34,Multiplicative matrix,2.0,outputs/generations/compare_gemma_max/prompt_34_matrix_alpha20.txt,74,1,12,0,True,True,True,True,True,True
34,No steering,0.0,outputs/generations/compare_gemma_max/prompt_34_no_steering.txt,74,74,12,31,False,False,False,False,False,False
35,Additive vector,0.25,outputs/generations/compare_gemma_max/prompt_35_additive_scale025.txt,73,73,11,31,False,False,False,False,False,False
35,Additive vector,0.5,outputs/generations/compare_gemma_max/prompt_35_additive_scale05.txt,73,73,11,31,False,False,False,False,False,False
35,Additive vector,1.0,outputs/generations/compare_gemma_max/prompt_35_additive_scale10.txt,73,73,11,31,False,False,False,False,False,False
35,Additive vector,2.0,outputs/generations/compare_gemma_max/prompt_35_additive_scale20.txt,73,73,11,31,False,False,False,False,False,False
35,Multiplicative matrix,0.25,outputs/generations/compare_gemma_max/prompt_35_matrix_alpha025.txt,73,73,11,31,False,False,False,False,False,False
35,Multiplicative matrix,0.5,outputs/generations/compare_gemma_max/prompt_35_matrix_alpha05.txt,73,16,29,2,True,True,True,True,True,True
35,Multiplicative matrix,1.0,outputs/generations/compare_gemma_max/prompt_35_matrix_alpha10.txt,73,73,11,31,False,False,False,False,False,False
35,Multiplicative matrix,2.0,outputs/generations/compare_gemma_max/prompt_35_matrix_alpha20.txt,73,73,41,31,False,False,False,False,False,False
35,No steering,0.0,outputs/generations/compare_gemma_max/prompt_35_no_steering.txt,73,73,11,31,False,False,False,False,False,False
36,Additive vector,0.25,outputs/generations/compare_gemma_max/prompt_36_additive_scale025.txt,76,76,14,31,False,False,False,False,False,False
36,Additive vector,0.5,outputs/generations/compare_gemma_max/prompt_36_additive_scale05.txt,76,76,14,31,False,False,False,False,False,False
36,Additive vector,1.0,outputs/generations/compare_gemma_max/prompt_36_additive_scale10.txt,76,76,14,31,False,False,False,False,False,False
36,Additive vector,2.0,outputs/generations/compare_gemma_max/prompt_36_additive_scale20.txt,76,76,14,31,False,False,False,False,False,False
36,Multiplicative matrix,0.25,outputs/generations/compare_gemma_max/prompt_36_matrix_alpha025.txt,76,76,14,31,False,False,False,False,False,False
36,Multiplicative matrix,0.5,outputs/generations/compare_gemma_max/prompt_36_matrix_alpha05.txt,76,76,14,31,False,False,False,False,False,False
36,Multiplicative matrix,1.0,outputs/generations/compare_gemma_max/prompt_36_matrix_alpha10.txt,76,76,14,31,False,False,False,False,False,False
36,Multiplicative matrix,2.0,outputs/generations/compare_gemma_max/prompt_36_matrix_alpha20.txt,76,76,44,31,False,False,False,False,False,False
36,No steering,0.0,outputs/generations/compare_gemma_max/prompt_36_no_steering.txt,76,76,14,31,False,False,False,False,False,False
37,Additive vector,0.25,outputs/generations/compare_gemma_max/prompt_37_additive_scale025.txt,74,74,12,31,False,False,False,False,False,False
37,Additive vector,0.5,outputs/generations/compare_gemma_max/prompt_37_additive_scale05.txt,74,74,12,31,False,False,False,False,False,False
37,Additive vector,1.0,outputs/generations/compare_gemma_max/prompt_37_additive_scale10.txt,74,74,12,31,False,False,False,False,False,False
37,Additive vector,2.0,outputs/generations/compare_gemma_max/prompt_37_additive_scale20.txt,74,74,12,31,False,False,False,False,False,False
37,Multiplicative matrix,0.25,outputs/generations/compare_gemma_max/prompt_37_matrix_alpha025.txt,74,36,42,2,True,True,True,True,True,False
37,Multiplicative matrix,0.5,outputs/generations/compare_gemma_max/prompt_37_matrix_alpha05.txt,74,36,41,2,True,True,True,True,True,False
37,Multiplicative matrix,1.0,outputs/generations/compare_gemma_max/prompt_37_matrix_alpha10.txt,74,74,12,31,False,False,False,False,False,False
37,Multiplicative matrix,2.0,outputs/generations/compare_gemma_max/prompt_37_matrix_alpha20.txt,74,74,12,31,False,False,False,False,False,False
37,No steering,0.0,outputs/generations/compare_gemma_max/prompt_37_no_steering.txt,74,74,12,31,False,False,False,False,False,False
38,Additive vector,0.25,outputs/generations/compare_gemma_max/prompt_38_additive_scale025.txt,76,76,13,1,True,True,True,True,True,False
38,Additive vector,0.5,outputs/generations/compare_gemma_max/prompt_38_additive_scale05.txt,76,76,13,1,True,True,True,True,True,False
38,Additive vector,1.0,outputs/generations/compare_gemma_max/prompt_38_additive_scale10.txt,76,76,13,1,True,True,True,True,True,False
38,Additive vector,2.0,outputs/generations/compare_gemma_max/prompt_38_additive_scale20.txt,76,76,13,1,True,True,True,True,True,False
38,Multiplicative matrix,0.25,outputs/generations/compare_gemma_max/prompt_38_matrix_alpha025.txt,76,76,13,1,True,True,True,True,True,False
38,Multiplicative matrix,0.5,outputs/generations/compare_gemma_max/prompt_38_matrix_alpha05.txt,76,76,13,1,True,True,True,True,True,False
38,Multiplicative matrix,1.0,outputs/generations/compare_gemma_max/prompt_38_matrix_alpha10.txt,76,76,13,31,False,False,False,False,False,False
38,Multiplicative matrix,2.0,outputs/generations/compare_gemma_max/prompt_38_matrix_alpha20.txt,76,76,13,31,False,False,False,False,False,False
38,No steering,0.0,outputs/generations/compare_gemma_max/prompt_38_no_steering.txt,76,76,13,1,True,True,True,True,True,False
39,Additive vector,0.25,outputs/generations/compare_gemma_max/prompt_39_additive_scale025.txt,78,78,14,31,False,False,False,False,False,False
39,Additive vector,0.5,outputs/generations/compare_gemma_max/prompt_39_additive_scale05.txt,78,78,14,31,False,False,False,False,False,False
39,Additive vector,1.0,outputs/generations/compare_gemma_max/prompt_39_additive_scale10.txt,78,78,14,31,False,False,False,False,False,False
39,Additive vector,2.0,outputs/generations/compare_gemma_max/prompt_39_additive_scale20.txt,78,78,14,31,False,False,False,False,False,False
39,Multiplicative matrix,0.25,outputs/generations/compare_gemma_max/prompt_39_matrix_alpha025.txt,78,78,14,31,False,False,False,False,False,False
39,Multiplicative matrix,0.5,outputs/generations/compare_gemma_max/prompt_39_matrix_alpha05.txt,78,78,14,31,False,False,False,False,False,False
39,Multiplicative matrix,1.0,outputs/generations/compare_gemma_max/prompt_39_matrix_alpha10.txt,78,78,14,31,False,False,False,False,False,False
39,Multiplicative matrix,2.0,outputs/generations/compare_gemma_max/prompt_39_matrix_alpha20.txt,78,1,14,0,True,True,True,True,True,True
39,No steering,0.0,outputs/generations/compare_gemma_max/prompt_39_no_steering.txt,78,78,14,31,False,False,False,False,False,False
40,Additive vector,0.25,outputs/generations/compare_gemma_max/prompt_40_additive_scale025.txt,73,73,11,31,False,False,False,False,False,False
40,Additive vector,0.5,outputs/generations/compare_gemma_max/prompt_40_additive_scale05.txt,73,73,11,31,False,False,False,False,False,False
40,Additive vector,1.0,outputs/generations/compare_gemma_max/prompt_40_additive_scale10.txt,73,73,11,31,False,False,False,False,False,False
40,Additive vector,2.0,outputs/generations/compare_gemma_max/prompt_40_additive_scale20.txt,73,73,11,31,False,False,False,False,False,False
40,Multiplicative matrix,0.25,outputs/generations/compare_gemma_max/prompt_40_matrix_alpha025.txt,73,73,11,31,False,False,False,False,False,False
40,Multiplicative matrix,0.5,outputs/generations/compare_gemma_max/prompt_40_matrix_alpha05.txt,73,73,11,31,False,False,False,False,False,False
40,Multiplicative matrix,1.0,outputs/generations/compare_gemma_max/prompt_40_matrix_alpha10.txt,73,73,11,31,False,False,False,False,False,False
40,Multiplicative matrix,2.0,outputs/generations/compare_gemma_max/prompt_40_matrix_alpha20.txt,22,22,11,2,True,True,True,True,True,False
40,No steering,0.0,outputs/generations/compare_gemma_max/prompt_40_no_steering.txt,73,73,11,31,False,False,False,False,False,False
41,Additive vector,0.25,outputs/generations/compare_gemma_max/prompt_41_additive_scale025.txt,78,1,15,0,True,True,True,True,True,True
41,Additive vector,0.5,outputs/generations/compare_gemma_max/prompt_41_additive_scale05.txt,78,1,15,0,True,True,True,True,True,True
41,Additive vector,1.0,outputs/generations/compare_gemma_max/prompt_41_additive_scale10.txt,78,1,15,0,True,True,True,True,True,True
41,Additive vector,2.0,outputs/generations/compare_gemma_max/prompt_41_additive_scale20.txt,78,1,15,0,True,True,True,True,True,True
41,Multiplicative matrix,0.25,outputs/generations/compare_gemma_max/prompt_41_matrix_alpha025.txt,78,1,15,0,True,True,True,True,True,True
41,Multiplicative matrix,0.5,outputs/generations/compare_gemma_max/prompt_41_matrix_alpha05.txt,78,1,15,0,True,True,True,True,True,True
41,Multiplicative matrix,1.0,outputs/generations/compare_gemma_max/prompt_41_matrix_alpha10.txt,78,1,15,0,True,True,True,True,True,True
41,Multiplicative matrix,2.0,outputs/generations/compare_gemma_max/prompt_41_matrix_alpha20.txt,78,1,15,0,True,True,True,True,True,True
41,No steering,0.0,outputs/generations/compare_gemma_max/prompt_41_no_steering.txt,78,1,15,0,True,True,True,True,True,True
42,Additive vector,0.25,outputs/generations/compare_gemma_max/prompt_42_additive_scale025.txt,73,73,11,31,False,False,False,False,False,False
42,Additive vector,0.5,outputs/generations/compare_gemma_max/prompt_42_additive_scale05.txt,73,73,11,31,False,False,False,False,False,False
42,Additive vector,1.0,outputs/generations/compare_gemma_max/prompt_42_additive_scale10.txt,73,73,11,31,False,False,False,False,False,False
42,Additive vector,2.0,outputs/generations/compare_gemma_max/prompt_42_additive_scale20.txt,73,73,11,31,False,False,False,False,False,False
42,Multiplicative matrix,0.25,outputs/generations/compare_gemma_max/prompt_42_matrix_alpha025.txt,73,73,11,31,False,False,False,False,False,False
42,Multiplicative matrix,0.5,outputs/generations/compare_gemma_max/prompt_42_matrix_alpha05.txt,73,73,11,31,False,False,False,False,False,False
42,Multiplicative matrix,1.0,outputs/generations/compare_gemma_max/prompt_42_matrix_alpha10.txt,73,73,11,31,False,False,False,False,False,False
42,Multiplicative matrix,2.0,outputs/generations/compare_gemma_max/prompt_42_matrix_alpha20.txt,73,73,11,31,False,False,False,False,False,False
42,No steering,0.0,outputs/generations/compare_gemma_max/prompt_42_no_steering.txt,73,73,11,31,False,False,False,False,False,False
43,Additive vector,0.25,outputs/generations/compare_gemma_max/prompt_43_additive_scale025.txt,72,72,10,31,False,False,False,False,False,False
43,Additive vector,0.5,outputs/generations/compare_gemma_max/prompt_43_additive_scale05.txt,72,72,10,31,False,False,False,False,False,False
43,Additive vector,1.0,outputs/generations/compare_gemma_max/prompt_43_additive_scale10.txt,72,72,10,31,False,False,False,False,False,False
43,Additive vector,2.0,outputs/generations/compare_gemma_max/prompt_43_additive_scale20.txt,72,72,10,31,False,False,False,False,False,False
43,Multiplicative matrix,0.25,outputs/generations/compare_gemma_max/prompt_43_matrix_alpha025.txt,72,19,46,2,True,True,True,True,True,True
43,Multiplicative matrix,0.5,outputs/generations/compare_gemma_max/prompt_43_matrix_alpha05.txt,72,19,43,2,True,True,True,True,True,True
43,Multiplicative matrix,1.0,outputs/generations/compare_gemma_max/prompt_43_matrix_alpha10.txt,72,72,52,7,False,True,True,True,True,False
43,Multiplicative matrix,2.0,outputs/generations/compare_gemma_max/prompt_43_matrix_alpha20.txt,72,72,10,31,False,False,False,False,False,False
43,No steering,0.0,outputs/generations/compare_gemma_max/prompt_43_no_steering.txt,72,72,10,31,False,False,False,False,False,False
44,Additive vector,0.25,outputs/generations/compare_gemma_max/prompt_44_additive_scale025.txt,70,70,8,31,False,False,False,False,False,False
44,Additive vector,0.5,outputs/generations/compare_gemma_max/prompt_44_additive_scale05.txt,70,70,8,31,False,False,False,False,False,False
44,Additive vector,1.0,outputs/generations/compare_gemma_max/prompt_44_additive_scale10.txt,70,70,8,31,False,False,False,False,False,False
44,Additive vector,2.0,outputs/generations/compare_gemma_max/prompt_44_additive_scale20.txt,70,70,8,31,False,False,False,False,False,False
44,Multiplicative matrix,0.25,outputs/generations/compare_gemma_max/prompt_44_matrix_alpha025.txt,70,22,37,2,True,True,True,True,True,True
44,Multiplicative matrix,0.5,outputs/generations/compare_gemma_max/prompt_44_matrix_alpha05.txt,70,1,8,0,True,True,True,True,True,True
44,Multiplicative matrix,1.0,outputs/generations/compare_gemma_max/prompt_44_matrix_alpha10.txt,70,1,8,0,True,True,True,True,True,True
44,Multiplicative matrix,2.0,outputs/generations/compare_gemma_max/prompt_44_matrix_alpha20.txt,70,1,14,0,True,True,True,True,True,True
44,No steering,0.0,outputs/generations/compare_gemma_max/prompt_44_no_steering.txt,70,70,8,31,False,False,False,False,False,False
45,Additive vector,0.25,outputs/generations/compare_gemma_max/prompt_45_additive_scale025.txt,78,78,15,31,False,False,False,False,False,False
45,Additive vector,0.5,outputs/generations/compare_gemma_max/prompt_45_additive_scale05.txt,78,78,15,31,False,False,False,False,False,False
45,Additive vector,1.0,outputs/generations/compare_gemma_max/prompt_45_additive_scale10.txt,78,78,15,31,False,False,False,False,False,False
45,Additive vector,2.0,outputs/generations/compare_gemma_max/prompt_45_additive_scale20.txt,78,78,15,31,False,False,False,False,False,False
45,Multiplicative matrix,0.25,outputs/generations/compare_gemma_max/prompt_45_matrix_alpha025.txt,78,78,15,31,False,False,False,False,False,False
45,Multiplicative matrix,0.5,outputs/generations/compare_gemma_max/prompt_45_matrix_alpha05.txt,78,78,15,31,False,False,False,False,False,False
45,Multiplicative matrix,1.0,outputs/generations/compare_gemma_max/prompt_45_matrix_alpha10.txt,78,1,15,0,True,True,True,True,True,True
45,Multiplicative matrix,2.0,outputs/generations/compare_gemma_max/prompt_45_matrix_alpha20.txt,78,78,60,9,False,False,True,True,True,False
45,No steering,0.0,outputs/generations/compare_gemma_max/prompt_45_no_steering.txt,78,78,15,31,False,False,False,False,False,False
46,Additive vector,0.25,outputs/generations/compare_gemma_max/prompt_46_additive_scale025.txt,73,73,11,31,False,False,False,False,False,False
46,Additive vector,0.5,outputs/generations/compare_gemma_max/prompt_46_additive_scale05.txt,73,73,11,31,False,False,False,False,False,False
46,Additive vector,1.0,outputs/generations/compare_gemma_max/prompt_46_additive_scale10.txt,73,73,11,31,False,False,False,False,False,False
46,Additive vector,2.0,outputs/generations/compare_gemma_max/prompt_46_additive_scale20.txt,73,73,11,31,False,False,False,False,False,False
46,Multiplicative matrix,0.25,outputs/generations/compare_gemma_max/prompt_46_matrix_alpha025.txt,73,73,11,31,False,False,False,False,False,False
46,Multiplicative matrix,0.5,outputs/generations/compare_gemma_max/prompt_46_matrix_alpha05.txt,73,73,11,31,False,False,False,False,False,False
46,Multiplicative matrix,1.0,outputs/generations/compare_gemma_max/prompt_46_matrix_alpha10.txt,73,73,11,31,False,False,False,False,False,False
46,Multiplicative matrix,2.0,outputs/generations/compare_gemma_max/prompt_46_matrix_alpha20.txt,73,73,11,31,False,False,False,False,False,False
46,No steering,0.0,outputs/generations/compare_gemma_max/prompt_46_no_steering.txt,73,73,11,31,False,False,False,False,False,False
47,Additive vector,0.25,outputs/generations/compare_gemma_max/prompt_47_additive_scale025.txt,77,77,15,31,False,False,False,False,False,False
47,Additive vector,0.5,outputs/generations/compare_gemma_max/prompt_47_additive_scale05.txt,77,77,15,31,False,False,False,False,False,False
47,Additive vector,1.0,outputs/generations/compare_gemma_max/prompt_47_additive_scale10.txt,77,77,15,31,False,False,False,False,False,False
47,Additive vector,2.0,outputs/generations/compare_gemma_max/prompt_47_additive_scale20.txt,77,77,15,31,False,False,False,False,False,False
47,Multiplicative matrix,0.25,outputs/generations/compare_gemma_max/prompt_47_matrix_alpha025.txt,77,77,15,31,False,False,False,False,False,False
47,Multiplicative matrix,0.5,outputs/generations/compare_gemma_max/prompt_47_matrix_alpha05.txt,77,77,15,31,False,False,False,False,False,False
47,Multiplicative matrix,1.0,outputs/generations/compare_gemma_max/prompt_47_matrix_alpha10.txt,77,1,15,0,True,True,True,True,True,True
47,Multiplicative matrix,2.0,outputs/generations/compare_gemma_max/prompt_47_matrix_alpha20.txt,77,1,15,0,True,True,True,True,True,True
47,No steering,0.0,outputs/generations/compare_gemma_max/prompt_47_no_steering.txt,77,77,15,31,False,False,False,False,False,False
48,Additive vector,0.25,outputs/generations/compare_gemma_max/prompt_48_additive_scale025.txt,74,74,12,31,False,False,False,False,False,False
48,Additive vector,0.5,outputs/generations/compare_gemma_max/prompt_48_additive_scale05.txt,74,74,12,31,False,False,False,False,False,False
48,Additive vector,1.0,outputs/generations/compare_gemma_max/prompt_48_additive_scale10.txt,74,74,12,31,False,False,False,False,False,False
48,Additive vector,2.0,outputs/generations/compare_gemma_max/prompt_48_additive_scale20.txt,74,74,12,31,False,False,False,False,False,False
48,Multiplicative matrix,0.25,outputs/generations/compare_gemma_max/prompt_48_matrix_alpha025.txt,74,74,12,31,False,False,False,False,False,False
48,Multiplicative matrix,0.5,outputs/generations/compare_gemma_max/prompt_48_matrix_alpha05.txt,74,74,12,31,False,False,False,False,False,False
48,Multiplicative matrix,1.0,outputs/generations/compare_gemma_max/prompt_48_matrix_alpha10.txt,74,74,12,31,False,False,False,False,False,False
48,Multiplicative matrix,2.0,outputs/generations/compare_gemma_max/prompt_48_matrix_alpha20.txt,74,1,12,0,True,True,True,True,True,True
48,No steering,0.0,outputs/generations/compare_gemma_max/prompt_48_no_steering.txt,74,74,12,31,False,False,False,False,False,False
49,Additive vector,0.25,outputs/generations/compare_gemma_max/prompt_49_additive_scale025.txt,76,76,14,31,False,False,False,False,False,False
49,Additive vector,0.5,outputs/generations/compare_gemma_max/prompt_49_additive_scale05.txt,76,76,14,31,False,False,False,False,False,False
49,Additive vector,1.0,outputs/generations/compare_gemma_max/prompt_49_additive_scale10.txt,76,76,14,31,False,False,False,False,False,False
49,Additive vector,2.0,outputs/generations/compare_gemma_max/prompt_49_additive_scale20.txt,76,76,14,31,False,False,False,False,False,False
49,Multiplicative matrix,0.25,outputs/generations/compare_gemma_max/prompt_49_matrix_alpha025.txt,76,76,14,31,False,False,False,False,False,False
49,Multiplicative matrix,0.5,outputs/generations/compare_gemma_max/prompt_49_matrix_alpha05.txt,76,76,14,31,False,False,False,False,False,False
49,Multiplicative matrix,1.0,outputs/generations/compare_gemma_max/prompt_49_matrix_alpha10.txt,76,76,14,31,False,False,False,False,False,False
49,Multiplicative matrix,2.0,outputs/generations/compare_gemma_max/prompt_49_matrix_alpha20.txt,76,1,14,0,True,True,True,True,True,True
49,No steering,0.0,outputs/generations/compare_gemma_max/prompt_49_no_steering.txt,76,76,14,31,False,False,False,False,False,False
