model,prompt_id,method,setting,alpha,file,total_tokens,code_tokens,code_lines,pass_5_lines,pass_8_lines,pass_10_lines,pass_12_lines,pass_15_lines
google/gemma-2-2b-it,0,Matrix steering,alpha025,0.25,outputs/generations/batch_gemma/prompt_00_alpha025.txt,54,54,21,False,False,False,False,False
google/gemma-2-2b-it,0,Matrix steering,alpha05,0.5,outputs/generations/batch_gemma/prompt_00_alpha05.txt,54,54,21,False,False,False,False,False
google/gemma-2-2b-it,0,Matrix steering,alpha10,1.0,outputs/generations/batch_gemma/prompt_00_alpha10.txt,54,54,21,False,False,False,False,False
google/gemma-2-2b-it,0,Matrix steering,alpha20,2.0,outputs/generations/batch_gemma/prompt_00_alpha20.txt,54,14,1,True,True,True,True,True
google/gemma-2-2b-it,0,No steering,no_steering,0.0,outputs/generations/batch_gemma/prompt_00_no_steering.txt,54,54,21,False,False,False,False,False
google/gemma-2-2b-it,1,Matrix steering,alpha025,0.25,outputs/generations/batch_gemma/prompt_01_alpha025.txt,53,14,2,True,True,True,True,True
google/gemma-2-2b-it,1,Matrix steering,alpha05,0.5,outputs/generations/batch_gemma/prompt_01_alpha05.txt,53,14,2,True,True,True,True,True
google/gemma-2-2b-it,1,Matrix steering,alpha10,1.0,outputs/generations/batch_gemma/prompt_01_alpha10.txt,53,53,21,False,False,False,False,False
google/gemma-2-2b-it,1,Matrix steering,alpha20,2.0,outputs/generations/batch_gemma/prompt_01_alpha20.txt,53,53,6,False,True,True,True,True
google/gemma-2-2b-it,1,No steering,no_steering,0.0,outputs/generations/batch_gemma/prompt_01_no_steering.txt,53,14,2,True,True,True,True,True
google/gemma-2-2b-it,2,Matrix steering,alpha025,0.25,outputs/generations/batch_gemma/prompt_02_alpha025.txt,55,55,21,False,False,False,False,False
google/gemma-2-2b-it,2,Matrix steering,alpha05,0.5,outputs/generations/batch_gemma/prompt_02_alpha05.txt,55,55,21,False,False,False,False,False
google/gemma-2-2b-it,2,Matrix steering,alpha10,1.0,outputs/generations/batch_gemma/prompt_02_alpha10.txt,55,55,21,False,False,False,False,False
google/gemma-2-2b-it,2,Matrix steering,alpha20,2.0,outputs/generations/batch_gemma/prompt_02_alpha20.txt,55,55,21,False,False,False,False,False
google/gemma-2-2b-it,2,No steering,no_steering,0.0,outputs/generations/batch_gemma/prompt_02_no_steering.txt,55,55,21,False,False,False,False,False
google/gemma-2-2b-it,3,Matrix steering,alpha025,0.25,outputs/generations/batch_gemma/prompt_03_alpha025.txt,56,6,1,True,True,True,True,True
google/gemma-2-2b-it,3,Matrix steering,alpha05,0.5,outputs/generations/batch_gemma/prompt_03_alpha05.txt,56,6,1,True,True,True,True,True
google/gemma-2-2b-it,3,Matrix steering,alpha10,1.0,outputs/generations/batch_gemma/prompt_03_alpha10.txt,56,6,1,True,True,True,True,True
google/gemma-2-2b-it,3,Matrix steering,alpha20,2.0,outputs/generations/batch_gemma/prompt_03_alpha20.txt,56,9,2,True,True,True,True,True
google/gemma-2-2b-it,3,No steering,no_steering,0.0,outputs/generations/batch_gemma/prompt_03_no_steering.txt,56,6,1,True,True,True,True,True
google/gemma-2-2b-it,4,Matrix steering,alpha025,0.25,outputs/generations/batch_gemma/prompt_04_alpha025.txt,55,55,21,False,False,False,False,False
google/gemma-2-2b-it,4,Matrix steering,alpha05,0.5,outputs/generations/batch_gemma/prompt_04_alpha05.txt,55,55,21,False,False,False,False,False
google/gemma-2-2b-it,4,Matrix steering,alpha10,1.0,outputs/generations/batch_gemma/prompt_04_alpha10.txt,55,55,21,False,False,False,False,False
google/gemma-2-2b-it,4,Matrix steering,alpha20,2.0,outputs/generations/batch_gemma/prompt_04_alpha20.txt,55,55,21,False,False,False,False,False
google/gemma-2-2b-it,4,No steering,no_steering,0.0,outputs/generations/batch_gemma/prompt_04_no_steering.txt,55,55,21,False,False,False,False,False
google/gemma-2-2b-it,5,Matrix steering,alpha025,0.25,outputs/generations/batch_gemma/prompt_05_alpha025.txt,53,53,2,True,True,True,True,True
google/gemma-2-2b-it,5,Matrix steering,alpha05,0.5,outputs/generations/batch_gemma/prompt_05_alpha05.txt,53,53,11,False,False,False,True,True
google/gemma-2-2b-it,5,Matrix steering,alpha10,1.0,outputs/generations/batch_gemma/prompt_05_alpha10.txt,53,53,21,False,False,False,False,False
google/gemma-2-2b-it,5,Matrix steering,alpha20,2.0,outputs/generations/batch_gemma/prompt_05_alpha20.txt,53,53,21,False,False,False,False,False
google/gemma-2-2b-it,5,No steering,no_steering,0.0,outputs/generations/batch_gemma/prompt_05_no_steering.txt,53,53,2,True,True,True,True,True
google/gemma-2-2b-it,6,Matrix steering,alpha025,0.25,outputs/generations/batch_gemma/prompt_06_alpha025.txt,55,55,21,False,False,False,False,False
google/gemma-2-2b-it,6,Matrix steering,alpha05,0.5,outputs/generations/batch_gemma/prompt_06_alpha05.txt,55,55,21,False,False,False,False,False
google/gemma-2-2b-it,6,Matrix steering,alpha10,1.0,outputs/generations/batch_gemma/prompt_06_alpha10.txt,55,55,21,False,False,False,False,False
google/gemma-2-2b-it,6,Matrix steering,alpha20,2.0,outputs/generations/batch_gemma/prompt_06_alpha20.txt,55,55,7,False,True,True,True,True
google/gemma-2-2b-it,6,No steering,no_steering,0.0,outputs/generations/batch_gemma/prompt_06_no_steering.txt,55,55,21,False,False,False,False,False
google/gemma-2-2b-it,7,Matrix steering,alpha025,0.25,outputs/generations/batch_gemma/prompt_07_alpha025.txt,51,51,21,False,False,False,False,False
google/gemma-2-2b-it,7,Matrix steering,alpha05,0.5,outputs/generations/batch_gemma/prompt_07_alpha05.txt,51,51,21,False,False,False,False,False
google/gemma-2-2b-it,7,Matrix steering,alpha10,1.0,outputs/generations/batch_gemma/prompt_07_alpha10.txt,51,51,21,False,False,False,False,False
google/gemma-2-2b-it,7,Matrix steering,alpha20,2.0,outputs/generations/batch_gemma/prompt_07_alpha20.txt,51,51,21,False,False,False,False,False
google/gemma-2-2b-it,7,No steering,no_steering,0.0,outputs/generations/batch_gemma/prompt_07_no_steering.txt,51,51,21,False,False,False,False,False
google/gemma-2-2b-it,8,Matrix steering,alpha025,0.25,outputs/generations/batch_gemma/prompt_08_alpha025.txt,52,52,21,False,False,False,False,False
google/gemma-2-2b-it,8,Matrix steering,alpha05,0.5,outputs/generations/batch_gemma/prompt_08_alpha05.txt,52,52,21,False,False,False,False,False
google/gemma-2-2b-it,8,Matrix steering,alpha10,1.0,outputs/generations/batch_gemma/prompt_08_alpha10.txt,52,31,4,True,True,True,True,True
google/gemma-2-2b-it,8,Matrix steering,alpha20,2.0,outputs/generations/batch_gemma/prompt_08_alpha20.txt,52,52,21,False,False,False,False,False
google/gemma-2-2b-it,8,No steering,no_steering,0.0,outputs/generations/batch_gemma/prompt_08_no_steering.txt,52,52,21,False,False,False,False,False
google/gemma-2-2b-it,9,Matrix steering,alpha025,0.25,outputs/generations/batch_gemma/prompt_09_alpha025.txt,52,19,2,True,True,True,True,True
google/gemma-2-2b-it,9,Matrix steering,alpha05,0.5,outputs/generations/batch_gemma/prompt_09_alpha05.txt,52,19,2,True,True,True,True,True
google/gemma-2-2b-it,9,Matrix steering,alpha10,1.0,outputs/generations/batch_gemma/prompt_09_alpha10.txt,52,19,2,True,True,True,True,True
google/gemma-2-2b-it,9,Matrix steering,alpha20,2.0,outputs/generations/batch_gemma/prompt_09_alpha20.txt,18,18,2,True,True,True,True,True
google/gemma-2-2b-it,9,No steering,no_steering,0.0,outputs/generations/batch_gemma/prompt_09_no_steering.txt,52,19,2,True,True,True,True,True
